year,student_ID,MCQ_A,MCQ_B,MCQ_C,MCQ_D,MCQ_E,Exam,Attended_prac
2023,NA,85,71.08333,65,76,70,71.2666,NO_OSstudent
2023,NA,65,66.5,80,58,75,61.3336,NO_OSstudent
2023,NA,55,56.33333,60,70,55,71.0002,NO_OSstudent
2023,NA,45,60.66666,75,72,90,68.3334,YES
2023,NA,85,86.5,85,76,80,65.5,NO_OSstudent
2023,NA,0,0,0,0,0,0,NO_OSstudent
2023,NA,62.5,56.75,85,70,70,73.3332,NO_OSstudent
2023,NA,60,43.16666,55,80,75,64.3334,NO_OSstudent
2023,NA,82.5,66.25,90,80,85,80.3334,YES
2023,NA,60,65.75,55,60,55,62.6668,YES
2023,NA,85,48.08333,70,100,60,63.0002,NO
2023,NA,80,69.75,70,70,75,71.3334,NO
2023,NA,80,61.5,80,60,65,73,NO_OSstudent
2023,NA,97.5,67.83333,90,90,85,78.6668,NO_OSstudent
2023,NA,87.5,82,75,70,100,84.6666,YES
2023,NA,67.5,62,80,58,40,65.1664,NO
2023,NA,90,91.75,90,90,85,89,NO_OSstudent
2023,NA,82.5,92,80,90,85,80.3668,YES
2023,NA,55,61.5,70,66,65,66.8334,NO_OSstudent
2023,NA,90,76.75,80,76,85,82.5002,NO_OSstudent
2023,NA,52.5,57,75,78,75,72.1668,NO_OSstudent
2023,NA,60,34.41666,75,50,70,75,YES
2023,NA,65,62.25,90,80,75,75.1666,NO_OSstudent
2023,NA,70,50.83333,75,50,75,58,YES
2023,NA,80,65.33333,95,40,75,70.8334,NO_OSstudent
2023,NA,97.5,78.83333,85,80,85,71.5,NO_OSstudent
2023,NA,65,55.41666,45,34,55,72.8336,YES
2023,NA,65,60.75,80,70,80,56.8334,YES
2023,NA,82.5,79.25,75,80,95,81.5,YES
2023,NA,90,73.16666,85,66,75,73.8334,YES
2023,NA,80,80.33333,80,70,80,83.6666,NO_OSstudent
2023,NA,80,55.66666,0,66,80,68.3332,NO_OSstudent
2023,NA,57.5,59.91666,70,40,70,69.6668,NO_OSstudent
2023,NA,75,81,90,80,75,76.1668,NO_OSstudent
2023,NA,77.5,75.5,85,80,80,72.5,YES
2023,NA,70,59.75,65,60,80,67.3332,NO_OSstudent
2023,NA,90,65.83333,80,80,75,85,YES
2023,NA,67.5,67.91666,55,70,75,61.8334,NO_OSstudent
2023,NA,80,49,75,74,80,74,NO_OSstudent
2023,NA,70,76.25,100,80,90,79,NO_OSstudent
2023,NA,95,64.5,75,70,90,76.5002,NO_OSstudent
2023,NA,77.5,57.5,75,60,80,70.4334,NO_OSstudent
2023,NA,90,85.75,90,80,85,87.1666,YES
2023,NA,90,64.5,75,86,100,83,YES
2023,NA,70,47.08333,50,44,70,81.5,NO
2023,NA,85,53.66666,90,46,55,70.5002,NO_OSstudent
2023,NA,85,59.75,90,80,85,81.1668,YES
2023,NA,0,60.75,95,90,60,49.6,NO_OSstudent
2023,NA,95,72.33333,75,64,90,76.8334,NO_OSstudent
2023,NA,77.5,60.25,75,60,80,78.7668,NO
2023,NA,90,59.33333,90,80,80,76.8334,YES
2023,NA,80,63.25,80,60,75,82.3334,YES
2023,NA,25,32.41666,20,20,0,36.6664,NO_OSstudent
2023,NA,80,51.25,90,90,85,89,YES
2023,NA,87.5,45.91666,85,70,65,69,YES
2023,NA,80,74.08333,80,100,85,85,YES
2023,NA,80,58.75,90,70,55,72.8334,NO_OSstudent
2023,NA,80,53.08333,80,80,65,71.1666,NO_OSstudent
2023,NA,75,47.33333,80,70,85,69.6668,YES
2023,NA,60,76.41666,70,54,70,71.3334,YES
2023,NA,80,59.25,80,46,50,61,YES
2023,NA,65,58.75,70,60,65,60.6668,YES
2023,NA,67.5,60.25,70,42,75,83.3334,YES
2023,NA,40,0,0,80,0,0,NO_OSstudent
2023,NA,90,63.25,80,0,75,64,NO
2023,NA,80,52.5,80,56,50,64.1668,NO_OSstudent
2023,NA,85,81,85,60,75,82.1666,NO_OSstudent
2023,NA,77.5,48.08333,85,90,70,79.5,YES
2023,NA,60,52.83333,80,60,75,65,NO_OSstudent
2023,NA,90,82.5,80,90,80,71.8334,NO_OSstudent
2023,NA,82.5,63.08333,80,0,0,0,NO_OSstudent
2023,NA,92.5,66.25,90,70,65,75.6666,NO_OSstudent
2023,NA,40,72.41666,95,66,95,82,YES
2023,NA,85,76.75,95,70,95,82.2668,YES
2023,NA,75,56.83333,80,56,65,67.7,NO_OSstudent
2023,NA,40,39.83333,30,62,0,58.8,NO
2023,NA,100,82,85,100,75,74.3334,NO_OSstudent
2023,NA,80,69.08333,90,70,80,76.2668,NO_OSstudent
2023,NA,82.5,39.75,70,40,55,66.3666,YES
2023,NA,50,47.33333,40,80,60,53.6666,YES
2023,NA,62.5,40.25,70,36,85,76,YES
2023,NA,85,78.91666,80,90,75,78.1668,YES
2023,NA,50,17.33333,35,12,40,42.6666,NO
2023,NA,75,70.08333,100,70,75,70.6666,YES
2023,NA,85,53.83333,40,42,80,74.1668,YES
2023,NA,80,62.83333,85,76,85,72.0998,NO_OSstudent
2023,NA,67.5,59.91666,70,56,85,59.1666,NO_OSstudent
2023,NA,82.5,74,75,80,65,62.3332,NO_OSstudent
2023,NA,82.5,72,85,86,70,70.1666,NO_OSstudent
2023,NA,35,20.75,85,80,75,71,NO_OSstudent
2023,NA,90,65.75,85,80,75,73.5,YES
2023,NA,70,56,85,74,80,68.1668,YES
2023,NA,90,63.33333,95,80,90,77.1668,YES
2023,NA,85,81.25,90,60,85,73.3334,NO_OSstudent
2023,NA,60,50,70,30,55,55.6666,NO
2023,NA,77.5,48.83333,75,60,85,81.3334,NO_OSstudent
2023,NA,90,50.83333,85,68,90,74.4334,NO_OSstudent
2023,NA,82.5,74.5,95,90,85,73.1668,NO_OSstudent
2023,NA,0,35.16666,65,80,60,59.3332,YES
2023,NA,90,82,80,36,70,81.3334,YES
2023,NA,70,64.5,75,90,70,64.3334,NO_OSstudent
2023,NA,65,40.66666,90,70,65,64.1666,NO_OSstudent
2023,NA,65,44.5,80,30,55,76.5002,NO_OSstudent
2023,NA,85,50.66666,65,80,70,67.1668,YES
2023,NA,55,46.08333,70,76,75,59.3334,YES
2023,NA,95,78.5,90,90,95,83.1668,NO_OSstudent
2023,NA,92.5,66,65,56,55,69.6666,YES
2023,NA,75,64.66666,85,64,70,67.1668,YES
2023,NA,95,78.66666,70,100,90,75.4334,YES
2023,NA,80,62.25,85,70,70,61.6666,YES
2023,NA,65,0,50,44,30,60.3334,YES
2023,NA,75,45.33333,85,60,80,76.3334,NO_OSstudent
2023,NA,75,50.58333,50,46,70,59.7334,NO
2023,NA,57.5,56.25,80,76,100,0,YES
2023,NA,70,89,60,100,90,76.3334,YES
2023,NA,60,56.33333,75,70,55,63.8334,NO_OSstudent
2023,NA,40,43.25,60,46,70,62.1668,YES
2023,NA,92.5,87.75,95,90,85,92.6668,YES
2023,NA,100,57.58333,90,80,85,83.1666,YES
2023,NA,87.5,79.33333,75,100,90,83.0002,YES
2023,NA,45,37.5,70,64,55,59.6668,NO
2023,NA,45,52,100,80,75,67.5,NO_OSstudent
2023,NA,95,67.5,85,90,70,73.8334,NO_OSstudent
2023,NA,95,72.75,100,90,90,85,YES
2023,NA,72.5,54.75,75,90,95,69.3334,NO_OSstudent
2023,NA,90,72.41666,85,70,75,75.3334,NO_OSstudent
2023,NA,70,41.91666,0,42,75,53.6666,NO_OSstudent
2023,NA,95,93.25,80,60,75,87.1668,YES
2023,NA,60,70.75,65,50,75,68,NO_OSstudent
2023,NA,77.5,65.58333,75,80,80,72.9998,YES
2023,NA,85,65.66666,80,70,75,80.3336,YES
2023,NA,80,74.25,85,90,85,81.6668,YES
2023,NA,90,76.5,80,86,80,81,NO_OSstudent
2023,NA,80,63.75,80,80,75,76.6666,NO
2023,NA,70,59.75,85,80,80,74.6666,YES
2023,NA,65,55.25,95,96,70,62.3332,YES
2023,NA,60,64.58333,75,90,75,83.6002,NO_OSstudent
2023,NA,82.5,59.91666,85,70,75,74.3334,NO_OSstudent
2023,NA,72.5,64.75,80,80,70,74,YES
2023,NA,55,61.25,70,66,65,74.2666,YES
2023,NA,75,55.08333,85,62,60,60.1666,NO_OSstudent
2023,NA,70,72.5,75,76,85,77.9334,YES
2023,NA,100,88,90,90,90,90.5,YES
2023,NA,60,45.66666,75,80,85,67.3332,YES
2023,NA,47.5,40.5,85,68,60,50.8666,YES
2023,NA,92.5,62.75,90,80,70,76.6668,NO_OSstudent
2023,NA,85,58.91666,90,60,80,70.3334,NO_OSstudent
2023,NA,55,46.41666,60,50,85,66.9998,NO_OSstudent
2023,NA,42.5,35.58333,0,0,0,46.6666,NO_OSstudent
2023,NA,95,76.75,95,62,80,85,NO_OSstudent
2023,NA,90,83.5,90,90,95,84.3334,NO_OSstudent
2023,NA,80,63.58333,85,50,70,73.8334,YES
2023,NA,67.5,58.5,60,54,60,64.6668,NO_OSstudent
2023,NA,100,69.08333,90,100,95,84.5002,NO_OSstudent
2023,NA,90,79.25,85,70,90,91.8334,YES
2023,NA,40,57.75,75,82,80,76.8334,YES
2023,NA,80,72.33333,80,60,75,0,NO_OSstudent
2023,NA,75,39,75,56,75,69.1668,YES
2023,NA,65,49.16666,80,70,60,67.3334,YES
2023,NA,75,64.33333,80,80,85,79.0002,NO_OSstudent
2023,NA,80,0,90,54,80,0,NO
2023,NA,50,54,90,70,75,66.6666,NO
2023,NA,100,82.58333,85,100,95,91.6666,NO_OSstudent
2023,NA,70,65.75,80,90,0,71.0002,YES
2023,NA,85,94.25,90,76,90,82.5002,NO_OSstudent
2023,NA,85,54.25,80,70,55,59.9334,NO_OSstudent
2023,NA,80,62.66666,70,80,75,53.1668,YES
2023,NA,100,85.75,95,100,100,90.5,YES
2023,NA,62.5,0,75,42,90,76.5336,YES
2023,NA,90,63.25,85,90,70,75,YES
2023,NA,85,45.33333,0,90,0,65.6334,NO
2023,NA,60,62.25,75,56,95,64.6668,NO_OSstudent
2023,NA,62.5,59.83333,60,66,60,59.9334,NO_OSstudent
2023,NA,72.5,61.58333,85,80,65,67.6668,NO
2023,NA,65,0,75,0,0,48.6668,YES
2023,NA,80,62.75,100,70,95,73.3334,NO
2023,NA,95,74.5,75,90,85,86.3334,YES
2023,NA,80,72.66666,95,90,70,78.1668,NO_OSstudent
2023,NA,30,51.16666,75,54,60,62.6666,NO
2023,NA,35,35.91666,30,66,60,62.1002,YES
2023,NA,87.5,84.08333,85,66,90,83.5,NO_OSstudent
2023,NA,80,59.33333,85,70,65,72.0002,NO_OSstudent
2023,NA,92.5,55.25,75,80,90,74,YES
2023,NA,85,73.83333,80,80,100,77.3334,YES
2023,NA,65,49,75,36,55,53.1666,NO
2023,NA,80,76.33333,75,80,85,77.1668,NO
2023,NA,80,61.75,80,76,85,63.2668,YES
2023,NA,0,0,0,0,0,0,NO_OSstudent
2023,NA,75,65.33333,85,80,90,72.8336,YES
2023,NA,67.5,47.66666,85,80,50,82.8334,NO_OSstudent
2023,NA,75,81,85,76,85,84.1668,NO_OSstudent
2023,NA,90,53.16666,70,60,65,57.0334,NO_OSstudent
2023,NA,85,65.75,100,90,85,73.5,NO_OSstudent
2023,NA,85,54.41666,80,50,75,79.6666,NO_OSstudent
2023,NA,70,57.75,75,80,80,77.1666,YES
2023,NA,80,76.08333,95,80,80,63.6002,NO_OSstudent
2023,NA,50,44.58333,35,22,15,66.5,NO_OSstudent
2023,NA,0,0,0,0,0,0,NO_OSstudent
2023,NA,80,66,65,70,85,70.3334,NO_OSstudent
2023,NA,20,24.25,60,22,55,41.1334,YES
2023,NA,87.5,60.75,90,90,85,78,YES
2023,NA,65,57.25,75,74,70,72.4998,NO_OSstudent
2023,NA,87.5,69.25,80,56,70,82.6666,NO_OSstudent
2023,NA,60,45,0,60,80,66.0002,NO
2023,NA,90,55.66666,80,70,70,79,NO_OSstudent
2023,NA,30,12.25,0,60,75,68.3334,NO_OSstudent
2023,NA,70,49.08333,75,56,60,65.1668,YES
2023,NA,90,76.75,90,90,90,89.0002,NO_OSstudent
2023,NA,60,49.5,60,54,50,75.3334,NO_OSstudent
2023,NA,100,81.58333,95,88,75,82.5,YES
2023,NA,72.5,72,80,66,75,80.8334,NO_OSstudent
2023,NA,85,54.33333,65,60,50,63.4334,YES
2023,NA,50,50.83333,70,54,70,75.0002,NO_OSstudent
2023,NA,50,0,0,74,55,71.0002,NO_OSstudent
2023,NA,72.5,70.33333,90,90,80,78.8334,YES
2023,NA,82.5,61.41666,95,90,95,80.6666,NO_OSstudent
2023,NA,82.5,51.58333,80,62,65,65.6334,YES
2023,NA,77.5,65.41666,85,56,75,69.5,YES
2023,NA,80,55.5,70,66,85,64.3334,YES
2023,NA,92.5,71.58333,65,62,75,56.8334,YES
2023,NA,70,47.25,80,60,75,66.1666,YES
2023,NA,97.5,74.5,70,80,75,83.3334,YES
2023,NA,77.5,57.5,85,76,75,76.0002,YES
2023,NA,100,71.5,80,80,75,90.8332,YES
2023,NA,67.5,53.58333,90,100,70,55.9334,NO
2023,NA,97.5,59.33333,85,100,65,80.3334,YES
2023,NA,77.5,72.25,80,46,85,74.1668,NO_OSstudent
2023,NA,95,56.75,65,74,75,48.6668,YES
2023,NA,92.5,67.25,95,84,75,74.0334,NO_OSstudent
2023,NA,45,48.08333,85,70,95,73.6668,NO_OSstudent
2023,NA,72.5,71.91666,90,52,65,67,NO_OSstudent
2023,NA,65,55.16666,75,66,65,74.4334,YES
2023,NA,75,0,90,80,0,76.5002,NO_OSstudent
2023,NA,95,95.5,85,80,95,89.3334,YES
2023,NA,80,72.33333,85,70,60,77.1,NO_OSstudent
2023,NA,50,49.33333,75,66,85,76.1668,NO_OSstudent
2023,NA,65,36.08333,85,76,60,63.8336,NO_OSstudent
2023,NA,90,73.75,70,86,90,73.2666,NO_OSstudent
2023,NA,55,57.58333,75,70,65,81.8334,NO_OSstudent
2023,NA,92.5,55.41666,80,80,65,75.5,NO_OSstudent
2023,NA,75,71,85,60,70,61.6668,YES
2023,NA,80,66.08333,100,80,60,82.8334,YES
2023,NA,65,73.75,60,50,65,68,NO_OSstudent
2023,NA,75,49.58333,75,60,75,68,YES
2023,NA,95,66.33333,90,90,75,80.8334,NO_OSstudent
2023,NA,90,64.33333,75,80,85,83.1668,NO_OSstudent
2023,NA,77.5,56.66666,75,80,75,76.5002,YES
2023,NA,80,51.91666,95,90,65,75.6668,NO
2023,NA,70,82.75,90,90,80,66.4334,NO_OSstudent
2023,NA,100,79.75,85,80,75,76.4998,YES
2023,NA,90,61,50,50,80,71.5,NO_OSstudent
2023,NA,72.5,54.58333,75,66,85,63,YES
2023,NA,85,71.08333,80,90,85,75.3336,NO_OSstudent
2023,NA,75,50.91666,90,70,70,68.3334,YES
2023,NA,85,78.08333,70,60,80,61.1666,NO_OSstudent
2023,NA,30,35.08333,25,NA,45,77.8334,NO
2023,NA,95,88,95,80,90,91.3334,YES
2023,NA,75,87.33333,85,80,80,80.0002,YES
2023,NA,65,47.91666,85,70,65,74.6666,NO_OSstudent
2023,NA,85,71.33333,85,90,90,77,NO_OSstudent
2023,NA,75,59.91666,90,90,50,65.0002,NO_OSstudent
2023,NA,82.5,58.58333,80,76,70,64.6666,NO_OSstudent
2023,NA,82.5,74.75,75,100,70,0,NO_OSstudent
2023,NA,100,90.75,75,80,80,84.3334,YES
2023,NA,82.5,71.83333,80,70,65,75,YES
2023,NA,80,76.5,85,76,80,82.5002,NO
2023,NA,85,75.33333,85,86,80,77.8334,NO_OSstudent
2023,NA,65,69.75,65,56,65,52.0668,NO_OSstudent
2023,NA,85,75,80,70,80,85.7668,YES
2023,NA,70,77,75,60,65,57.3334,YES
2023,NA,70,0,0,0,55,66.0002,YES
2023,NA,85,72.75,90,58,70,72.6668,YES
2023,NA,75,56.41666,75,90,90,66.3334,YES
2023,NA,92.5,68.08333,90,80,80,67.3334,YES
2023,NA,75,44.5,70,40,75,74.6666,NO_OSstudent
2023,NA,90,59.91666,70,76,70,68.7668,YES
2023,NA,75,67.83333,65,70,80,70.6666,NO_OSstudent
2023,NA,70,44,70,30,45,67,NO
2023,NA,60,27.41666,55,60,50,57.3336,YES
2023,NA,80,60.5,85,80,65,72.7668,YES
2023,NA,90,75,80,80,95,82.5,YES
2023,NA,40,58.41666,60,66,55,68,YES
2023,NA,70,65.58333,85,40,75,73.0334,NO_OSstudent
2023,NA,95,81.83333,85,100,NA,NA,NO_OSstudent
2023,NA,70,74.25,85,86,90,69.6668,NO_OSstudent
2023,NA,60,53.08333,65,0,65,66.0002,NO
2023,NA,90,77.75,85,56,80,62.1668,YES
2023,NA,90,64.83333,80,90,80,76.2666,YES
2023,NA,60,0,0,0,0,38.1668,YES
2023,NA,80,69.83333,80,70,75,74.6668,YES
2023,NA,55,68.83333,75,60,70,64.8332,YES
2023,NA,42.5,56.41666,75,80,65,77.6668,NO_OSstudent
2023,NA,67.5,55.75,70,50,55,57.5,NO
2023,NA,50,64,70,70,60,62.7002,YES
2023,NA,67.5,50.58333,55,44,0,46.3336,NO_OSstudent
2023,NA,82.5,55.83333,80,74,75,68.3332,YES
2023,NA,70,56.16666,65,80,75,58.1,YES
2023,NA,67.5,64.75,75,80,0,66.7668,YES
2023,NA,80,55.58333,80,90,85,69.5,YES
2023,NA,80,59.5,90,70,75,78.8334,NO_OSstudent
2023,NA,65,67.66666,85,48,70,72.3332,YES
2023,NA,77.5,45.08333,95,66,80,70.4998,NO_OSstudent
2023,NA,90,40.58333,90,76,70,71.1668,NO_OSstudent
2023,NA,80,57.75,75,40,60,71.6668,YES
2023,NA,57.5,60,75,80,80,69.1668,YES
2023,NA,90,79.75,90,90,90,83.6668,NO_OSstudent
2023,NA,72.5,67.08333,75,80,40,61.6668,NO_OSstudent
2023,NA,90,67.25,75,80,75,82.8332,NO_OSstudent
2023,NA,75,54.66666,70,60,80,74.1666,NO_OSstudent
2023,NA,85,50.25,90,70,90,65.8334,NO_OSstudent
2023,NA,82.5,60,90,100,95,0,YES
2023,NA,62.5,45.16666,70,48,70,63.6666,NO_OSstudent
2023,NA,77.5,64.5,65,70,70,74.5,NO
2023,NA,95,68.75,90,70,85,67.8334,NO_OSstudent
2023,NA,70,0,0,0,0,0,NO
2023,NA,77.5,61.25,80,90,80,65.6666,YES
2023,NA,35,39.08333,70,80,70,32.9332,YES
2023,NA,92.5,77.5,80,80,75,0,YES
2023,NA,75,77,60,60,85,68.3334,YES
2023,NA,70,83.75,75,70,75,72.8334,YES
2023,NA,75,74,85,76,90,80.0002,NO_OSstudent
2023,NA,90,57.5,55,56,60,57.4,NO_OSstudent
2023,NA,75,57.33333,80,46,50,70.8332,NO_OSstudent
2023,NA,80,69.41666,65,86,65,61.9998,NO_OSstudent
2023,NA,80,57.33333,85,70,70,82.2668,NO_OSstudent
2023,NA,90,63.75,80,90,70,79.3334,YES
2023,NA,70,70.25,70,56,75,79.3332,NO_OSstudent
2023,NA,100,84,90,90,85,95,NO_OSstudent
2023,NA,70,54.75,75,66,75,74.3334,YES
2023,NA,82.5,72,65,0,90,81.8334,YES
2023,NA,70,67.91666,80,46,75,58.3334,YES
2023,NA,75,49.41666,75,0,35,67.3334,NO_OSstudent
2023,NA,92.5,88.75,95,90,85,81.8334,YES
2023,NA,77.5,66.5,80,60,65,58.0998,NO_OSstudent
2023,NA,82.5,84,80,70,80,67.1668,YES
2023,NA,90,78.25,95,90,80,81.6666,NO_OSstudent
2023,NA,50,53.83333,80,70,70,71.5,NO_OSstudent
2023,NA,95,87.25,75,100,85,80.5,NO_OSstudent
2023,NA,65,71.08333,75,90,70,52.5,YES
2023,NA,90,74.5,70,76,85,86.3334,YES
2023,NA,82.5,54.58333,70,80,75,74.6668,YES
2023,NA,85,74.5,85,68,90,71.8334,YES
2023,NA,80,67,45,56,75,73,NO_OSstudent
2023,NA,90,76.75,95,42,80,63.3334,NO_OSstudent
2023,NA,40,65.08333,85,90,80,79,YES
2023,NA,60,51.33333,40,26,35,51.6,NO_OSstudent
2023,NA,100,61.75,90,70,90,82.3334,YES
2023,NA,90,68.08333,70,56,75,70.6668,NO_OSstudent
2023,NA,92.5,67.41666,80,46,80,63.8332,YES
2023,NA,70,45.91666,0,0,0,72.1666,NO_OSstudent
2023,NA,40,74.5,60,62,75,67.6,YES
2023,NA,75,69.41666,85,90,80,64.6668,NO_OSstudent
2023,NA,100,75.08333,80,50,85,69.8334,NO_OSstudent
2023,NA,80,55.5,95,40,90,70.5,NO_OSstudent
2023,NA,85,68.25,85,80,90,77.6666,NO_OSstudent
2023,NA,70,44.91666,70,64,70,49.7664,NO_OSstudent
2023,NA,75,69.91666,90,80,70,61.8334,YES
2023,NA,95,80,85,100,75,90.6668,NO_OSstudent
2023,NA,77.5,65.58333,80,60,85,66.8334,YES
2023,NA,87.5,68.5,95,70,75,86.3334,YES
2023,NA,85,71.75,95,90,90,85.7664,YES
2023,NA,80,74.5,80,66,70,69.5002,YES
2023,NA,75,49.5,75,90,80,77.3336,YES
2023,NA,80,58.5,65,76,65,76.5002,YES
2023,NA,75,62.83333,90,90,0,32.1668,NO
2023,NA,92.5,68.5,80,70,85,75.3334,YES
2023,NA,40,51.75,90,90,70,75.1666,NO_OSstudent
2023,NA,85,71.75,65,50,65,68.8332,NO_OSstudent
2023,NA,75,41.75,75,36,60,68.5002,NO
2023,NA,67.5,56.91666,70,36,70,54.5,NO
2023,NA,65,64.33333,80,80,60,67.9998,YES
2023,NA,80,80.33333,75,90,75,76.6668,NO_OSstudent
2023,NA,95,71.5,75,76,75,67.1668,YES
2023,NA,95,63.25,85,90,70,70.5,NO
2023,NA,97.5,82.5,70,90,100,84.3334,NO_OSstudent
2023,NA,75,53.25,85,70,85,66.3334,YES
2023,NA,72.5,33.41666,0,0,55,0,NO
2023,NA,75,49.33333,60,46,60,58.1664,YES
2023,NA,80,57.66666,80,66,70,58.3334,YES
2023,NA,90,54.08333,70,100,80,67,YES
2023,NA,65,61.25,75,80,70,72.8332,NO_OSstudent
2023,NA,95,66.75,90,90,90,77.8334,YES
2023,NA,70,47.83333,75,70,65,0,YES
2023,NA,72.5,66,80,80,75,74.8334,YES
2023,NA,72.5,61.75,80,60,70,68.4334,YES
2023,NA,85,86.5,80,60,80,70.1668,NO_OSstudent
2023,NA,97.5,43,90,0,65,79.5002,NO
2023,NA,85,62.5,90,76,75,79.5,NO_OSstudent
2023,NA,70,60.83333,75,90,80,79.5,NO
2023,NA,60,40.66666,70,60,85,62.8334,NO_OSstudent
2023,NA,80,46.16666,85,90,85,75.8334,YES
2023,NA,60,62.91666,85,60,65,62.8334,YES
2023,NA,70,47.75,85,80,65,62.1666,NO_OSstudent
2023,NA,70,55.33333,70,80,70,69.6668,NO_OSstudent
2023,NA,85,86.5,90,80,80,85,NO_OSstudent
2023,NA,90,82.5,95,90,90,64,NO_OSstudent
2023,NA,57.5,46,75,86,60,60.6668,NO_OSstudent
2023,NA,55,47.83333,95,70,85,62.6668,YES
2023,NA,82.5,65.75,80,74,85,72.3334,YES
2023,NA,75,59.5,70,34,70,76.3334,YES
2023,NA,75,47.66666,70,66,50,67.9334,YES
2023,NA,70,0,80,96,0,71.1668,YES
2023,NA,70,64,75,0,90,64.8334,NO
2023,NA,65,68,70,70,55,84.8334,NO_OSstudent
2023,NA,60,60.25,80,70,65,71.1668,YES
2023,NA,85,58.5,65,40,70,75.5002,NO_OSstudent
2023,NA,100,98,90,100,100,88.1,YES
2023,NA,75,53.58333,80,80,80,57.5998,NO_OSstudent
2023,NA,77.5,69.33333,75,70,65,69.6666,NO_OSstudent
2023,NA,0,83.33333,0,0,0,71.1664,NO_OSstudent
2023,NA,80,67.75,75,76,85,78.3334,NO_OSstudent
2023,NA,65,55.5,90,72,75,0,YES
2023,NA,82.5,70.5,80,100,80,77.1666,YES
2023,NA,72.5,60.25,85,90,90,77,NO_OSstudent
2023,NA,95,76.08333,85,90,90,88.7666,YES
2023,NA,62.5,55.58333,0,54,60,21.5666,NO_OSstudent
2023,NA,85,67.75,95,70,75,83,YES
2023,NA,85,57.75,95,80,50,63,NO_OSstudent
2023,NA,80,54.33333,95,80,70,66.3334,NO_OSstudent
2023,NA,60,56,75,90,65,51.6,NO_OSstudent
2023,NA,90,71.25,75,90,90,85.0002,YES
2023,NA,80,74.5,75,80,80,74.3334,NO_OSstudent
2023,NA,80,73.25,90,90,70,74.3336,YES
2023,NA,75,54,75,80,85,72.4334,YES
2023,NA,65,42.16666,80,46,90,78.5,YES
2023,NA,55,48.66666,80,56,50,83.0002,NO_OSstudent
2023,NA,72.5,74.5,80,60,70,72.3334,YES
2023,NA,0,0,0,0,0,NA,NO_OSstudent
2023,NA,82.5,65.33333,80,90,80,77.8334,NO_OSstudent
2023,NA,67.5,59.75,70,60,65,64.6666,NO_OSstudent
2023,NA,95,68,75,86,85,66.1668,NO
2023,NA,95,57.75,75,80,85,72,NO_OSstudent
2023,NA,85,47.25,95,70,70,64.1668,YES
2023,NA,97.5,78.25,95,80,95,77,YES
2023,NA,40,61.58333,75,30,60,40.9336,YES
2023,NA,85,66,95,80,75,86,NO_OSstudent
2023,NA,60,32.83333,65,22,45,46.5,YES
2023,NA,87.5,57.33333,90,72,65,64.4998,NO_OSstudent
2023,NA,75,63.25,80,70,80,70.2668,NO_OSstudent
2023,NA,95,85.75,90,80,90,82.1666,YES
2023,NA,75,84.75,75,80,70,78.1668,NO_OSstudent
2023,NA,62.5,74.66666,85,70,85,68.6666,NO_OSstudent
2023,NA,65,43.83333,55,70,50,53.8334,YES
2023,NA,65,59.41666,75,66,70,66.3334,NO
2023,NA,65,63.75,95,76,85,70.6668,NO_OSstudent
2023,NA,52.5,40.58333,75,0,70,60.3334,YES
2023,NA,85,85.25,90,66,75,78.6668,NO_OSstudent
2023,NA,57.5,45.33333,25,74,55,49.3668,YES
2023,NA,70,53.08333,75,46,65,65.8334,NO_OSstudent
2023,NA,45,43.58333,50,54,40,52.1666,YES
2023,NA,80,63.33333,90,56,90,72.6668,NO_OSstudent
2023,NA,65,66.33333,85,70,80,85.5,YES
2023,NA,72.5,70,80,50,85,58.9334,YES
2023,NA,80,0,85,70,70,75.8336,NO
2023,NA,45,60.83333,65,50,60,76,YES
2023,NA,92.5,79.5,75,70,80,76.5,NO_OSstudent
2023,NA,65,0,80,80,85,70.8334,YES
2023,NA,70,66.83333,85,80,75,78.5002,YES
2023,NA,85,68.5,90,70,80,77.4334,NO_OSstudent
2023,NA,87.5,75,85,86,90,83.0002,NO_OSstudent
2023,NA,77.5,48,80,64,55,53.4998,YES
2023,NA,62.5,0,60,0,0,55.3332,YES
2023,NA,95,56.5,80,66,85,69.1666,NO_OSstudent
2023,NA,75,68,90,90,90,78.3332,YES
2023,NA,100,79.25,90,100,80,80.1668,YES
2023,NA,100,82.75,100,90,95,93.3334,YES
2023,NA,82.5,68.16666,85,60,65,83.1668,NO_OSstudent
2023,NA,45,42.75,60,66,45,65.6,NO
2023,NA,85,65.25,80,70,80,81.1666,NO_OSstudent
2023,NA,92.5,62.5,75,50,60,75.3334,NO_OSstudent
2023,NA,75,64.08333,0,56,55,64.4998,YES
2023,NA,80,54.66666,70,60,70,71.3334,YES
2023,NA,92.5,68.33333,85,80,75,73.6668,YES
2023,NA,75,37.16666,0,0,0,74.8332,NO_OSstudent
2023,NA,97.5,70.25,85,90,75,77.6668,YES
2023,NA,85,70.08333,50,60,75,63,NO_OSstudent
2023,NA,85,58.5,80,80,95,71,YES
2023,NA,30,42.91666,0,32,0,0,YES
2023,NA,75,25.41666,90,100,70,52.5002,NO_OSstudent
2023,NA,50,60.83333,70,70,65,61.1666,NO_OSstudent
2023,NA,72.5,68.08333,80,76,70,72.1668,NO_OSstudent
2023,NA,80,60.5,85,66,90,75,YES
2023,NA,75,57.91666,80,60,75,61.3334,YES
2023,NA,75,71.33333,70,70,70,56.6666,YES
2023,NA,60,62.91666,75,62,75,63.1664,NO
2023,NA,15,32.16666,40,34,15,56.3334,YES
2023,NA,85,81.5,80,60,95,66.7668,YES
2023,NA,92.5,73.83333,85,90,90,79.8334,YES
2023,NA,87.5,75,80,50,70,74.8332,NO_OSstudent
2023,NA,77.5,82.5,70,90,80,63.5,YES
2023,NA,75,55.25,15,70,0,65.8334,NO_OSstudent
2023,NA,65,63.33333,75,70,65,65.1666,YES
2023,NA,80,63.5,75,90,85,72.8334,NO_OSstudent
2023,NA,75,46.41666,80,80,60,75.1664,YES
2023,NA,92.5,62,75,70,75,81.3334,YES
2023,NA,75,75.75,85,90,75,76.1666,YES
2023,NA,92.5,75.58333,90,80,60,78.3334,NO_OSstudent
2023,NA,85,66.66666,95,60,75,63.3332,YES
2023,NA,67.5,48.33333,70,40,55,54.8336,YES
2022,NA,95,80.66666,80,NA,75,77.53333,YES
2022,NA,80,80.75,75,NA,75,82.99999,NO_OSstudent
2022,NA,85,62,90,NA,95,80.99999,NO_OSstudent
2022,NA,60,53.5,70,NA,80,66.16666,YES
2022,NA,70,75,75,NA,60,70.49999,NO_OSstudent
2022,NA,95,41.75,75,NA,75,67.49999,YES
2022,NA,70,55.91666,55,NA,65,70.16666,YES
2022,NA,70,36.66666,55,NA,65,80.66666,NO_OSstudent
2022,NA,70,50.66666,75,NA,70,69.83333,NO_OSstudent
2022,NA,85,60.33333,85,NA,60,72.99999,NO_OSstudent
2022,NA,85,81.75,85,NA,90,86.26666,YES
2022,NA,82.5,55.83333,75,NA,85,71.16666,NO_OSstudent
2022,NA,50,52.25,75,NA,55,50.09999,YES
2022,NA,85,58.33333,90,NA,80,74.66666,YES
2022,NA,45,36.66666,75,NA,5,62.93333,NO
2022,NA,80,45.91666,85,NA,75,69.09999,YES
2022,NA,90,58.25,85,NA,75,69.33333,NO
2022,NA,77.5,61.58333,80,NA,85,81,NO_OSstudent
2022,NA,80,82.25,95,NA,90,92,NO_OSstudent
2022,NA,87.5,45.58333,90,NA,70,66.16666,YES
2022,NA,82.5,35,75,NA,65,74.66666,NO_OSstudent
2022,NA,52.5,42.75,30,NA,0,58.59999,NO
2022,NA,70,58.58333,55,NA,70,71.83333,YES
2022,NA,0,37,25,NA,65,47.69999,YES
2022,NA,75,0,60,NA,80,61.33332,YES
2022,NA,75,0,80,NA,75,67,NO
2022,NA,67.5,68,75,NA,55,46.73333,NO_OSstudent
2022,NA,52.5,44.58333,70,NA,75,71.59999,YES
2022,NA,90,34.5,0,NA,65,59.03332,NO_OSstudent
2022,NA,82.5,71.83333,85,NA,95,81.66666,YES
2022,NA,50,48.08333,70,NA,70,51.83333,NO
2022,NA,75,25.16666,70,NA,70,81.33333,NO_OSstudent
2022,NA,60,54.58333,55,NA,50,72.03333,NO_OSstudent
2022,NA,100,55.66666,70,NA,80,59.49999,YES
2022,NA,92.5,85.25,100,NA,85,76.83333,YES
2022,NA,80,63.08333,95,NA,70,78.66666,YES
2022,NA,65,0,80,NA,50,61.83332,NO
2022,NA,75,60.58333,85,NA,75,70.99999,YES
2022,NA,50,45.58333,70,NA,70,62.99999,NO
2022,NA,72.5,49.08333,90,NA,75,82.49999,YES
2022,NA,100,63.5,85,NA,80,80.33333,YES
2022,NA,50,40,70,NA,55,63.19999,NO_OSstudent
2022,NA,85,0,75,NA,60,57.76666,NO
2022,NA,85,44.75,95,NA,80,76.99999,NO_OSstudent
2022,NA,75,52.5,70,NA,80,80.49999,NO_OSstudent
2022,NA,80,52.25,70,NA,85,64.69999,NO_OSstudent
2022,NA,75,84.5,95,NA,85,76.66666,NO_OSstudent
2022,NA,90,54.08333,75,NA,70,71.83333,NO_OSstudent
2022,NA,85,79.5,75,NA,80,66.49999,NO_OSstudent
2022,NA,45,50.25,0,NA,0,0,NO_OSstudent
2022,NA,72.5,73.25,80,NA,85,65.99999,YES
2022,NA,85,58.41666,95,NA,75,80.49999,NO_OSstudent
2022,NA,75,64.75,75,NA,65,57.5,NO_OSstudent
2022,NA,75,63,90,NA,90,75.33333,NO
2022,NA,47.5,39.66666,65,NA,40,68.83333,YES
2022,NA,0,66.5,70,NA,95,79.16666,NO_OSstudent
2022,NA,77.5,55.25,65,NA,55,66.66666,YES
2022,NA,60,39.66666,75,NA,55,61.63333,YES
2022,NA,85,89,100,NA,95,83.33333,YES
2022,NA,65,77.5,75,NA,95,71.93333,NO_OSstudent
2022,NA,80,78.75,95,NA,85,83.66666,YES
2022,NA,72.5,50.75,80,NA,75,67.33333,NO_OSstudent
2022,NA,35,42.16666,80,NA,50,51.4,YES
2022,NA,60,38.91666,50,NA,60,54.79999,NO
2022,NA,50,50.08333,100,NA,90,70.66666,YES
2022,NA,60,45.33333,50,NA,65,57.53333,YES
2022,NA,30,46.08333,55,NA,50,70.5,NO
2022,NA,67.5,0,80,NA,50,57.53333,YES
2022,NA,85,82.5,75,NA,70,73.66666,YES
2022,NA,90,78.5,80,NA,55,54.49999,NO_OSstudent
2022,NA,47.5,63,75,NA,75,70.53332,NO_OSstudent
2022,NA,75,47.91666,40,NA,55,63.99999,NO_OSstudent
2022,NA,85,52.25,75,NA,70,63.99999,NO_OSstudent
2022,NA,55,60,75,NA,65,54.76666,YES
2022,NA,85,92,100,NA,85,81.66666,NO_OSstudent
2022,NA,65,44.5,65,NA,45,58.93332,YES
2022,NA,90,69.33333,70,NA,70,60.49999,YES
2022,NA,80,85.5,75,NA,85,58.43332,YES
2022,NA,45,35.91666,70,NA,70,71.49999,YES
2022,NA,90,45.33333,75,NA,65,83.83333,YES
2022,NA,80,66.75,75,NA,70,82.33333,NO_OSstudent
2022,NA,60,38.91666,70,NA,65,66.59999,NO
2022,NA,80,72.5,90,NA,85,70.46666,NO_OSstudent
2022,NA,87.5,47.25,90,NA,55,73.16666,NO
2022,NA,72.5,47.33333,90,NA,85,72.93332,YES
2022,NA,60,46.66666,65,NA,55,52.16666,NO_OSstudent
2022,NA,75,53.83333,85,NA,65,82,NO_OSstudent
2022,NA,95,80,90,NA,90,79.33333,YES
2022,NA,80,78.58333,80,NA,65,84.93333,YES
2022,NA,65,57.5,65,NA,0,56.26666,NO_OSstudent
2022,NA,70,68.41666,60,NA,90,62.63332,YES
2022,NA,67.5,51.66666,85,NA,75,51.83332,NO_OSstudent
2022,NA,55,55.41666,0,NA,60,Needs Marking,NO
2022,NA,72.5,58.25,85,NA,80,67.93333,YES
2022,NA,75,64,65,NA,75,74,YES
2022,NA,NA,53.25,70,NA,80,68.99999,YES
2022,NA,80,64.25,85,NA,80,66.99999,NO
2022,NA,50,39,70,NA,90,65.43332,NO_OSstudent
2022,NA,65,41,70,NA,70,69.99999,NO_OSstudent
2022,NA,60,42.33333,70,NA,60,75.19999,NO_OSstudent
2022,NA,95,58.25,85,NA,75,65.49999,NO_OSstudent
2022,NA,0,0,0,NA,0,NA,NO_OSstudent
2022,NA,87.5,66,80,NA,85,78.83333,NO_OSstudent
2022,NA,95,54.08333,100,NA,85,86.83333,YES
2022,NA,80,63.25,85,NA,75,81.16666,YES
2022,NA,70,59.33333,80,NA,60,64.99999,NO
2022,NA,87.5,82.5,80,NA,80,88.33333,NO
2022,NA,60,52.58333,50,NA,0,71.16666,YES
2022,NA,62.5,53.5,85,NA,80,69.86666,NO_OSstudent
2022,NA,70,61.66666,80,NA,0,70.43332,YES
2022,NA,77.5,53.75,80,NA,75,64.93333,NO_OSstudent
2022,NA,60,43,75,NA,80,58.33332,YES
2022,NA,70,51.25,80,NA,55,68.93333,NO_OSstudent
2022,NA,85,39,65,NA,45,50.76,YES
2022,NA,70,49,90,NA,80,81.49999,NO_OSstudent
2022,NA,72.5,68.75,85,NA,80,78.82,YES
2022,NA,85,69.33333,75,NA,60,53.76666,YES
2022,NA,75,91.25,95,NA,90,71.83332,YES
2022,NA,65,58.25,85,NA,65,76.16666,NO_OSstudent
2022,NA,80,0,65,NA,0,59.99999,YES
2022,NA,80,39.5,75,NA,75,58.99999,YES
2022,NA,37.5,53.41666,0,NA,60,50.7,NO
2022,NA,60,46.33333,65,NA,60,60.19999,YES
2022,NA,85,81.25,85,NA,85,83.66666,YES
2022,NA,77.5,38.5,90,NA,100,83.99999,YES
2022,NA,55,61.83333,85,NA,75,78.83333,NO_OSstudent
2022,NA,95,62.75,100,NA,95,83.33333,NO_OSstudent
2022,NA,95,67.83333,75,NA,70,81.03333,YES
2022,NA,62.5,67.75,75,NA,70,62.83333,YES
2022,NA,65,49.83333,90,NA,85,75.16666,NO_OSstudent
2022,NA,35,50.5,40,NA,70,57.13333,YES
2022,NA,35,57.58333,50,NA,80,58.66666,YES
2022,NA,70,55.5,90,NA,80,77.16666,YES
2022,NA,50,57.08333,85,NA,0,63.99999,NO
2022,NA,65,58.33333,65,NA,65,66.76666,NO_OSstudent
2022,NA,85,62.83333,75,NA,65,63.09999,YES
2022,NA,65,58.08333,85,NA,70,68.16666,NO_OSstudent
2022,NA,82.5,83,85,NA,95,69.83333,NO
2022,NA,70,60.5,60,NA,85,81.59,YES
2022,NA,85,69.75,65,NA,45,64.99999,NO
2022,NA,70,48.25,55,NA,25,62.66666,YES
2022,NA,65,65.25,80,NA,80,73.93333,YES
2022,NA,77.5,60,85,NA,75,75.26666,YES
2022,NA,65,40.08333,70,NA,60,58.93333,YES
2022,NA,65,62.25,70,NA,70,67.49999,YES
2022,NA,70,66,85,NA,95,87.53333,YES
2022,NA,25,40.83333,0,NA,0,55.33333,NO_OSstudent
2022,NA,95,67.33333,100,NA,75,79.43333,YES
2022,NA,75,76.5,95,NA,70,73.33333,NO_OSstudent
2022,NA,75,47.66666,75,NA,75,Needs Marking,NO_OSstudent
2022,NA,70,27.08333,70,NA,65,73.99999,NO_OSstudent
2022,NA,75,38.75,80,NA,55,67.06666,NO
2022,NA,55,49,85,NA,0,82.83333,NO_OSstudent
2022,NA,65,65.08333,70,NA,85,62.79999,YES
2022,NA,95,56.75,85,NA,70,73.83333,NO_OSstudent
2022,NA,100,86.25,95,NA,100,89,NO_OSstudent
2022,NA,80,26.41666,80,NA,75,56.03333,YES
2022,NA,85,71.5,95,NA,65,69.69999,YES
2022,NA,35,41.58333,80,NA,60,66.66666,YES
2022,NA,90,43.91666,70,NA,45,56.09999,NO_OSstudent
2022,NA,80,68,85,NA,60,74.5,NO_OSstudent
2022,NA,82.5,62,80,NA,70,69.16666,YES
2022,NA,65,42.16666,40,NA,60,49.06666,NO_OSstudent
2022,NA,100,65.5,85,NA,90,78.49999,YES
2022,NA,75,67,75,NA,70,71.86666,NO_OSstudent
2022,NA,50,0,35,NA,55,42.13333,NO_OSstudent
2022,NA,55,46,85,NA,70,66.83332,NO
2022,NA,47.5,61.5,50,NA,70,52.43332,NO
2022,NA,85,97,95,NA,70,80.66666,NO_OSstudent
2022,NA,60,0,45,NA,65,39.03332,YES
2022,NA,50,32.5,95,NA,85,74.49999,NO_OSstudent
2022,NA,60,50.08333,85,NA,50,68.16666,YES
2022,NA,80,68.5,75,NA,65,70.33333,NO_OSstudent
2022,NA,70,51.25,70,NA,65,69.83333,YES
2022,NA,100,80,90,NA,90,90.66666,YES
2022,NA,85,60.25,65,NA,75,79.33332,NO_OSstudent
2022,NA,72.5,54.91666,60,NA,35,48.26666,NO_OSstudent
2022,NA,67.5,55.16666,70,NA,65,61.59999,YES
2022,NA,80,49.66666,80,NA,70,66.66666,NO_OSstudent
2022,NA,95,65,0,NA,85,71.66666,NO_OSstudent
2022,NA,85,74.33333,80,NA,65,70.16666,YES
2022,NA,87.5,58,55,NA,75,51.89999,YES
2022,NA,75,76.75,80,NA,90,75.59999,NO_OSstudent
2022,NA,75,69.5,90,NA,80,73.66666,NO_OSstudent
2022,NA,90,71.5,70,NA,85,70.16666,NO_OSstudent
2022,NA,80,56.16666,95,NA,80,66.76666,NO_OSstudent
2022,NA,65,60.25,85,NA,65,65.33333,NO_OSstudent
2022,NA,82.5,78.75,75,NA,85,85,YES
2022,NA,55,46.25,65,NA,60,71.36666,NO_OSstudent
2022,NA,0,0,0,NA,0,NA,NO_OSstudent
2022,NA,75,27.75,55,NA,80,76.16666,NO_OSstudent
2022,NA,80,58.5,60,NA,90,71.49999,YES
2022,NA,45,63.25,60,NA,55,45.56666,YES
2022,NA,45,29.5,90,NA,80,63.33332,NO_OSstudent
2022,NA,70,55.33333,75,NA,85,70.19999,NO_OSstudent
2022,NA,55,50.91666,80,NA,65,52.16666,NO_OSstudent
2022,NA,72.5,87.5,80,NA,55,76.66666,NO_OSstudent
2022,NA,80,58.08333,0,NA,50,59.83332,NO_OSstudent
2022,NA,95,73.25,90,NA,70,76.99999,NO_OSstudent
2022,NA,45,38.5,30,NA,0,33.13332,NO_OSstudent
2022,NA,72.5,86.5,65,NA,80,Needs Marking,NO_OSstudent
2022,NA,90,70.58333,90,NA,85,83.33333,NO_OSstudent
2022,NA,75,41.83333,85,NA,65,68.16666,NO_OSstudent
2022,NA,95,42.25,90,NA,80,83,NO
2022,NA,82.5,67,90,NA,95,71.83332,YES
2022,NA,85,88.25,90,NA,65,67.83333,YES
2022,NA,50,38.58333,80,NA,65,53.33332,NO_OSstudent
2022,NA,80,72,85,NA,80,79.33333,NO_OSstudent
2022,NA,45,40.66666,75,NA,55,60.09999,NO
2022,NA,80,46.25,80,NA,85,72.33332,NO_OSstudent
2022,NA,70,63.75,90,NA,80,69.16666,NO_OSstudent
2022,NA,80,53.5,90,NA,70,64.16666,NO_OSstudent
2022,NA,70,55.83333,65,NA,60,60.46666,NO_OSstudent
2022,NA,75,48.91666,85,NA,80,68.03333,NO_OSstudent
2022,NA,55,47.75,65,NA,85,63.26666,YES
2022,NA,70,65,90,NA,80,78.76666,YES
2022,NA,85,49,70,NA,70,66.66666,YES
2022,NA,57.5,57.33333,70,NA,0,65.09999,NO_OSstudent
2022,NA,55,54,55,NA,60,57.83332,YES
2022,NA,85,61.41666,85,NA,80,65.09999,YES
2022,NA,80,60.25,70,NA,95,75.66666,NO
2022,NA,85,66.41666,85,NA,85,73.66666,NO_OSstudent
2022,NA,75,69.16666,70,NA,85,67.99999,NO_OSstudent
2022,NA,80,64.91666,0,NA,75,70.59999,NO
2022,NA,75,55.75,80,NA,75,75.16666,NO_OSstudent
2022,NA,72.5,65,80,NA,75,74.76666,YES
2022,NA,90,74,85,NA,90,77.83333,NO_OSstudent
2022,NA,75,45.08333,85,NA,70,61.53332,NO_OSstudent
2022,NA,75,70.16666,75,NA,55,55.5,NO_OSstudent
2022,NA,85,71.5,70,NA,85,62.76666,NO_OSstudent
2022,NA,75,53.5,85,NA,80,75.66666,YES
2022,NA,0,0,0,NA,0,NA,NO_OSstudent
2022,NA,72.5,50.75,95,NA,70,51.5,YES
2022,NA,80,60.58333,80,NA,80,58.43332,YES
2022,NA,82.5,73.5,90,NA,80,73.49999,YES
2022,NA,62.5,56.83333,50,NA,40,50.09999,YES
2022,NA,65,64.66666,75,NA,80,76.33332,YES
2022,NA,90,56,95,NA,90,85.99999,YES
2022,NA,85,70,85,NA,80,78.09999,NO
2022,NA,87.5,49.41666,60,NA,80,77.59999,YES
2022,NA,75,34.5,45,NA,80,62.99999,NO
2022,NA,85,61.33333,80,NA,45,72.93333,NO
2022,NA,50,46.5,80,NA,60,52.63333,NO_OSstudent
2022,NA,90,85.75,95,NA,85,84.66666,YES
2022,NA,0,31.75,60,NA,30,47.99999,NO_OSstudent
2022,NA,70,77.83333,80,NA,75,82.83333,NO_OSstudent
2022,NA,72.5,49.25,85,NA,60,67.99999,YES
2022,NA,90,71.75,80,NA,90,65.83332,YES
2022,NA,60,30.25,70,NA,85,70.09999,YES
2022,NA,62.5,54.75,75,NA,65,66.26666,YES
2022,NA,80,59.75,65,NA,70,70.33333,YES
2022,NA,65,55,70,NA,75,70.66666,NO
2022,NA,70,49.25,60,NA,65,59.72,YES
2022,NA,70,73.75,80,NA,80,69.33333,NO_OSstudent
2022,NA,100,82,95,NA,85,84.66666,NO
2022,NA,62.5,65.41666,75,NA,80,61.16666,NO_OSstudent
2022,NA,80,0,75,NA,80,80,NO_OSstudent
2022,NA,85,60.75,90,NA,60,75.99999,NO_OSstudent
2022,NA,75,39.66666,100,NA,90,79.5,NO
2022,NA,85,62.08333,75,NA,80,68.83332,NO_OSstudent
2022,NA,90,40.33333,70,NA,80,67.49999,YES
2022,NA,75,60.08333,50,NA,50,43.26666,NO
2022,NA,55,0,80,NA,25,64.49999,NO_OSstudent
2022,NA,60,52.83333,80,NA,80,79.49999,NO_OSstudent
2022,NA,60,38.75,70,NA,75,55.79999,YES
2022,NA,0,0,70,NA,55,0,NO_OSstudent
2022,NA,75,68.33333,90,NA,70,63.66666,YES
2022,NA,50,46.75,65,NA,50,48.46666,YES
2022,NA,62.5,28.5,55,NA,60,57,NO_OSstudent
2022,NA,75,95,70,NA,80,84.16666,NO_OSstudent
2022,NA,75,39.75,65,NA,90,57.29999,YES
2022,NA,80,45,90,NA,75,59.33332,NO
2022,NA,55,63.83333,65,NA,60,53.16666,NO_OSstudent
2022,NA,80,44.33333,80,NA,75,65.16666,YES
2022,NA,85,88.41666,95,NA,85,69.99999,YES
2022,NA,70,62.25,70,NA,75,0,NO_OSstudent
2022,NA,55,52.08333,50,NA,55,86.33333,YES
2022,NA,95,72.91666,65,NA,70,78.66666,NO_OSstudent
2022,NA,80,54.5,75,NA,75,66.83333,YES
2022,NA,77.5,45.66666,85,NA,55,48.96666,NO_OSstudent
2022,NA,95,70,85,NA,85,75.86666,NO_OSstudent
2022,NA,80,87.75,85,NA,80,75.33333,NO_OSstudent
2022,NA,30,62.16666,85,NA,65,70.83333,NO_OSstudent
2022,NA,85,69.25,90,NA,75,76.16666,NO_OSstudent
2022,NA,75,50.5,85,NA,65,80.66666,NO_OSstudent
2022,NA,55,40.75,85,NA,65,72.43333,YES
2022,NA,85,47.5,85,NA,60,60,YES
2022,NA,0,0,65,NA,50,40.99999,YES
2022,NA,57.5,72.5,90,NA,90,Needs Marking,YES
2022,NA,45,59.33333,50,NA,30,37.23333,YES
2022,NA,95,76.75,95,NA,80,83.33333,NO_OSstudent
2022,NA,62.5,56.75,80,NA,55,Needs Marking,NO_OSstudent
2022,NA,70,45.75,0,NA,70,53.93333,NO_OSstudent
2022,NA,50,39.5,60,NA,75,Needs Marking,YES
2022,NA,60,68.33333,60,NA,60,57.29999,YES
2022,NA,80,54.33333,85,NA,65,69.83333,YES
2022,NA,67.5,0,85,NA,70,76.33333,YES
2022,NA,80,83,75,NA,80,78.83333,NO_OSstudent
2022,NA,35,48.16666,55,NA,65,56.69999,YES
2022,NA,55,50.58333,60,NA,60,57.46666,YES
2022,NA,70,38.5,90,NA,85,56.96666,NO
2022,NA,52.5,24.5,75,NA,60,64.93333,NO_OSstudent
2022,NA,70,0,75,NA,65,59.49999,NO_OSstudent
2022,NA,65,45.66666,0,NA,0,73.69999,NO_OSstudent
2022,NA,100,34.75,90,NA,80,71.83333,YES
2022,NA,30,42.58333,25,NA,55,56.19999,NO_OSstudent
2022,NA,85,71,85,NA,85,66.43332,YES
2022,NA,87.5,61.83333,100,NA,80,90.33333,NO_OSstudent
2022,NA,72.5,39.5,70,NA,80,75.66666,NO
2022,NA,100,58.41666,90,NA,85,77.16666,YES
2022,NA,82.5,63.5,70,NA,75,75.33333,NO_OSstudent
2022,NA,67.5,58.16666,80,NA,55,50.86666,NO_OSstudent
2022,NA,77.5,42.16666,70,NA,70,60.16666,NO_OSstudent
2022,NA,40,40.25,55,NA,50,51.29999,YES
2022,NA,90,63.25,80,NA,90,79.66666,NO_OSstudent
2022,NA,75,37.5,80,NA,0,80.83333,NO
2022,NA,85,63.83333,60,NA,80,66.76666,NO_OSstudent
2022,NA,60,31.83333,80,NA,80,68.66666,NO_OSstudent
2022,NA,80,54.83333,85,NA,65,79.5,NO_OSstudent
2022,NA,77.5,89,90,NA,80,76.33333,YES
2022,NA,70,58.25,65,NA,85,69.8,NO
2022,NA,40,46.5,75,NA,85,65.83332,NO
2022,NA,80,65.75,90,NA,0,84.99999,YES
2022,NA,75,0,85,NA,75,70.83,YES
2022,NA,55,35,65,NA,0,61.39,YES
2022,NA,67.5,78.25,95,NA,90,80.33332,NO_OSstudent
2022,NA,55,50.66666,65,NA,85,74.99999,YES
2022,NA,90,66.5,40,NA,70,62.86666,NO_OSstudent
2022,NA,62.5,29.25,0,NA,50,78.09999,NO_OSstudent
2022,NA,57.5,61.91666,80,NA,70,79.49999,YES
2022,NA,77.5,66,90,NA,65,80.4,YES
2022,NA,55,53,60,NA,50,45.56666,NO_OSstudent
2022,NA,80,69.25,85,NA,65,59.63333,NO_OSstudent
2022,NA,90,56.83333,80,NA,80,87.33333,NO_OSstudent
2022,NA,65,0,0,NA,0,59.03333,NO_OSstudent
2022,NA,80,41.5,80,NA,65,60.49999,NO_OSstudent
2022,NA,30,44.58333,60,NA,50,55.43333,YES
2022,NA,55,51,70,NA,70,78.33332,YES
2022,NA,70,66.58333,75,NA,65,66.09999,NO_OSstudent
2022,NA,60,69.66666,60,NA,70,63.49999,NO_OSstudent
2022,NA,77.5,57.83333,60,NA,85,70.83332,YES
2022,NA,55,39.41666,60,NA,65,60.23332,NO_OSstudent
2022,NA,70,74.08333,90,NA,80,73.83333,YES
2022,NA,70,67.91666,90,NA,65,64.99999,NO_OSstudent
2022,NA,85,50.5,90,NA,75,80.99999,YES
2022,NA,72.5,66.83333,100,NA,75,74.66666,NO_OSstudent
2022,NA,100,61.75,90,NA,60,81.83333,NO_OSstudent
2022,NA,62.5,41.41666,85,NA,70,59.33333,YES
2022,NA,30,32.08333,80,NA,55,49.03333,NO
2022,NA,60,36.5,65,NA,55,62.99999,NO
2022,NA,70,0,45,NA,90,75.66666,NO_OSstudent
2022,NA,92.5,51.83333,80,NA,60,55.66666,NO_OSstudent
2022,NA,80,47.75,80,NA,75,69.33333,YES
2022,NA,85,57.16666,80,NA,85,83.66666,YES
2022,NA,90,60.33333,90,NA,90,86.66666,NO_OSstudent
2022,NA,52.5,55.5,50,NA,50,55.83333,NO
2022,NA,65,37.75,60,NA,55,63.16666,NO_OSstudent
2022,NA,80,63.33333,60,NA,80,74.66666,YES
2022,NA,70,27.75,65,NA,50,29.76,NO_OSstudent
2022,NA,60,42.5,0,NA,70,66.16666,NO_OSstudent
2022,NA,72.5,62.25,65,NA,60,57.83333,NO_OSstudent
2022,NA,80,75.25,80,NA,70,65.16666,YES
2022,NA,85,55.08333,85,NA,65,61.99999,NO
2022,NA,95,60.25,85,NA,75,78.99999,NO
2022,NA,72.5,54.25,45,NA,50,55.19999,YES
2022,NA,55,72.33333,60,NA,100,71.66666,NO_OSstudent
2022,NA,65,49.5,80,NA,60,82.33333,NO_OSstudent
2022,NA,72.5,69.5,100,NA,80,68.49999,YES
2022,NA,60,38.75,25,NA,50,65.69999,YES
2022,NA,77.5,70,80,NA,75,84.19999,YES
2022,NA,85,79.5,90,NA,70,Needs Marking,NO_OSstudent
2022,NA,0,0,0,NA,0,0,NO_OSstudent
2022,NA,57.5,39.16666,70,NA,55,46.16666,NO_OSstudent
2022,NA,65,73,85,NA,70,65.99999,YES
2022,NA,75,64.08333,85,NA,75,67.83332,YES
2022,NA,55,55.5,75,NA,75,56.19999,NO
2022,NA,100,93,90,NA,85,92,NO_OSstudent
2022,NA,70,43.33333,70,NA,60,62.79999,YES
2022,NA,75,45.83333,75,NA,65,67.76666,NO_OSstudent
2022,NA,85,59.58333,85,NA,90,80.49999,NO_OSstudent
2022,NA,80,50.25,80,NA,60,73.93333,YES
2022,NA,72.5,47.91666,70,NA,75,66.49999,YES
2022,NA,80,46.5,70,NA,80,64.09999,YES
2022,NA,72.5,41.83333,65,NA,70,77.83333,NO_OSstudent
2022,NA,90,62.58333,85,NA,75,81.99999,NO_OSstudent
2022,NA,82.5,54.33333,70,NA,50,51.39999,YES
2022,NA,65,21.66666,80,NA,50,59.33332,YES
2022,NA,75,40.25,70,NA,0,74.33333,YES
2022,NA,80,57.25,95,NA,85,83.16666,NO_OSstudent
2022,NA,70,24.75,45,NA,60,60.93333,NO_OSstudent
2022,NA,67.5,76.75,80,NA,85,77.83333,YES
2022,NA,75,46.41666,65,NA,65,57.36666,YES
2022,NA,80,75,85,NA,80,72.16666,YES
2022,NA,60,41.16666,90,NA,70,62.99999,NO_OSstudent
2022,NA,80,54.58333,90,NA,65,64.83332,NO_OSstudent
2022,NA,50,47.25,70,NA,55,52.6,YES
2022,NA,80,39.75,90,NA,60,58.19999,YES
2022,NA,82.5,55.16666,65,NA,70,68.66666,YES
2022,NA,20,40.33333,60,NA,80,64.46,NO_OSstudent
2022,NA,90,57.66666,75,NA,85,82.16666,NO_OSstudent
2022,NA,90,0,80,NA,75,Needs Marking,NO_OSstudent
2022,NA,75,49,75,NA,50,63.99999,NO_OSstudent
2022,NA,77.5,66.83333,60,NA,75,77.19999,YES
2022,NA,0,0,90,NA,0,71.36666,NO_OSstudent
2022,NA,95,94.75,100,NA,90,67.59999,NO_OSstudent
2022,NA,65,68.5,75,NA,85,74.5,YES
2022,NA,65,64.08333,70,NA,65,58.34,YES
2022,NA,70,64.41666,80,NA,45,56.53333,YES
2022,NA,85,75.5,90,NA,75,64.33333,YES
2022,NA,80,60.83333,85,NA,70,83.66666,YES
2022,NA,75,55.83333,85,NA,85,68.99999,YES
2022,NA,85,66.75,65,NA,55,63.63333,NO_OSstudent
2022,NA,90,58.75,85,NA,90,81.09999,NO
2022,NA,80,57.5,65,NA,60,59.23333,NO_OSstudent
2022,NA,50,37,80,NA,65,59.5,YES
2022,NA,70,74.58333,95,NA,85,83.49999,NO_OSstudent
2022,NA,85,86.83333,85,NA,85,78.66666,YES
2022,NA,77.5,50.83333,95,NA,65,75.16666,NO_OSstudent
2022,NA,82.5,67.5,85,NA,85,89.5,YES
2022,NA,85,63,100,NA,70,84.33333,NO_OSstudent
2022,NA,75,31.66666,70,NA,80,60.33332,NO
2022,NA,45,46.5,55,NA,50,33.63333,YES
2022,NA,95,53.08333,80,NA,70,64.66666,NO_OSstudent
2022,NA,65,63.75,80,NA,65,79.49999,NO
2022,NA,67.5,66.33333,85,NA,80,72.5,YES
2022,NA,85,54.33333,75,NA,90,82,YES
2022,NA,50,32.75,65,NA,55,57.16666,YES
2022,NA,60,47.66666,75,NA,50,59.99999,YES
2022,NA,85,48.25,50,NA,50,68.66666,NO
2022,NA,62.5,53.83333,80,NA,95,71.33332,YES
2022,NA,62.5,40.75,80,NA,60,Needs Marking,NO
2022,NA,90,85.5,85,NA,65,80.76666,NO_OSstudent
2022,NA,80,64.91666,80,NA,55,68.49999,YES
2022,NA,45,39.66666,55,NA,65,45.96666,NO
2022,NA,45,59.25,80,NA,60,71.96666,NO_OSstudent
2022,NA,80,67.75,80,NA,60,67.66666,NO_OSstudent
2022,NA,100,70,85,NA,85,93.33333,YES
2022,NA,75,75.5,75,NA,65,Needs Marking,NO
2022,NA,80,51,85,NA,75,65.49999,NO_OSstudent
2022,NA,87.5,70,85,NA,95,74.16666,YES
2022,NA,70,64,90,NA,60,78.83333,NO_OSstudent
2022,NA,65,85.41666,90,NA,85,81.33333,NO
2022,NA,55,38.5,80,NA,70,50.49999,YES
2022,NA,75,56.08333,75,NA,80,64.16666,NO_OSstudent
2022,NA,85,73.25,90,NA,90,74.86666,YES
2022,NA,65,54.5,0,NA,75,67.49999,NO
2022,NA,70,48.41666,80,NA,70,72.63333,YES
2022,NA,67.5,0,65,NA,70,68.59999,NO_OSstudent
2022,NA,67.5,52.83333,70,NA,80,78.83333,NO_OSstudent
2022,NA,57.5,17.66666,65,NA,65,46.83333,NO
2022,NA,85,75.5,85,NA,60,65.66666,YES
2022,NA,82.5,63.83333,80,NA,90,77.16666,NO
2022,NA,60,59.16666,70,NA,55,60.83332,NO_OSstudent
2022,NA,80,71.25,75,NA,70,82.16666,NO_OSstudent
2022,NA,25,22,85,NA,60,64.86666,NO_OSstudent
2022,NA,0,67,80,NA,90,78.59999,YES
2022,NA,90,92.83333,95,NA,90,78.83333,NO_OSstudent
2022,NA,82.5,73,70,NA,60,65.33333,YES
2022,NA,40,40.25,60,NA,55,51.99999,YES
2022,NA,75,35,75,NA,50,50.93333,YES
2022,NA,67.5,69.25,95,NA,85,65.99999,YES
2022,NA,65,48.5,65,NA,75,75.59999,YES
2022,NA,65,54.5,80,NA,75,76.33333,YES
2022,NA,92.5,58.25,85,NA,65,75.16666,YES
2022,NA,75,55.5,90,NA,85,81.83333,NO_OSstudent
2022,NA,77.5,72.08333,90,NA,60,73.66666,YES
2022,NA,82.5,77.58333,90,NA,85,61.53333,YES
2022,NA,70,54.83333,60,NA,40,43.93332,NO
2022,NA,87.5,63.25,75,NA,70,76.33333,YES
2022,NA,82.5,69.5,75,NA,80,76.66666,YES
2022,NA,80,55.66666,75,NA,55,69.43333,YES
2022,NA,70,42.66666,80,NA,55,72.99999,NO
2022,NA,60,50.08333,70,NA,65,70.83333,YES
2022,NA,77.5,69.08333,85,NA,85,83.16666,YES
2022,NA,42.5,46.75,70,NA,40,52.96666,NO_OSstudent
2022,NA,75,41.5,65,NA,55,44.59999,NO
2022,NA,65,42.83333,85,NA,65,65.99999,YES
2022,NA,77.5,41.5,55,NA,50,58.53332,NO_OSstudent
2022,NA,85,60.33333,75,NA,75,72.6,YES
2022,NA,70,60.75,75,NA,50,68.09999,NO_OSstudent
2022,NA,60,73.25,75,NA,65,74.33333,NO_OSstudent
2022,NA,80,51.41666,85,NA,45,75.99999,YES
2022,NA,50,0,60,NA,60,52.26666,NO_OSstudent
2022,NA,65,51.83333,80,NA,45,69.53332,YES
2022,NA,80,50,80,NA,80,71.33333,YES
2022,NA,62.5,57.75,75,NA,0,32.15,NO
2022,NA,70,46.08333,65,NA,70,69.49999,YES
2022,NA,65,39.25,80,NA,85,61.49999,YES
2022,NA,55,39.66666,65,NA,50,38.89999,NO_OSstudent
2022,NA,70,71.33333,70,NA,70,66.16666,YES
2022,NA,80,65.75,80,NA,65,61.33333,YES
2022,NA,70,64,50,NA,65,62.99999,YES
2022,NA,90,78.5,80,NA,95,88.16666,NO_OSstudent
2022,NA,70,55.83333,85,NA,95,79.33333,NO_OSstudent
2022,NA,65,47.83333,75,NA,80,63.16666,NO
2022,NA,65,47.58333,60,NA,65,54.86666,YES
2022,NA,72.5,66.66666,60,NA,90,70.63333,NO_OSstudent
2022,NA,85,65.75,75,NA,95,72.49999,NO
2022,NA,70,65,65,NA,70,61.66666,YES
2022,NA,75,62.08333,80,NA,80,75.16666,YES
2022,NA,82.5,72.25,100,NA,75,65.83333,YES
2022,NA,77.5,48.58333,65,NA,80,67.43332,NO
2022,NA,80,66.25,70,NA,85,80.33333,NO_OSstudent
2022,NA,20,65.33333,75,NA,70,61.73,NO_OSstudent
2022,NA,75,53,85,NA,0,74.99999,NO_OSstudent
2022,NA,60,62,70,NA,NA,48.79999,NO_OSstudent
2022,NA,80,62.75,65,NA,70,66.59999,YES
2022,NA,40,36.83333,65,NA,55,47.26666,NO_OSstudent
2022,NA,80,54.16666,85,NA,80,70.99999,YES
2022,NA,55,34.16666,65,NA,65,44.89999,YES
2022,NA,87.5,51,70,NA,80,75.66666,YES
2022,NA,0,0,0,NA,0,NA,NO_OSstudent
2022,NA,75,71.5,70,NA,70,68.99999,YES
2022,NA,75,0,75,NA,65,Needs Marking,YES
2022,NA,80,54,60,NA,75,64.59999,YES
2022,NA,62.5,63.08333,85,NA,85,82.66666,YES
2022,NA,0,0,0,NA,0,0,NO_OSstudent
2022,NA,72.5,54.83333,80,NA,75,58.49999,YES
2021,NA,38.88888889,46.25,60,50,73.33333,74.72222,No_prac
2021,NA,94.44444444,57.98,75,70,78.33333,95.83333333,No_prac
2021,NA,100,71.4,90,75,83.75,89.44444,No_prac
2021,NA,52.77777778,43.25,80,75,41.66666,70,No_prac
2021,NA,94.44444444,53.16666,80,85,85,83.88888667,No_prac
2021,NA,77.77777778,59.91666,65,40,66.66666,78.33333333,No_prac
2021,NA,72.22222222,79.74,75,90,75,86.94444,No_prac
2021,NA,80.55555556,68.68,85,60,66.66666,77.22222,No_prac
2021,NA,80.55555556,0,65,60,0,0,No_prac
2021,NA,88.88888889,64.47,85,75,61.66666,89.72222,No_prac
2021,NA,61.11111111,50.87,95,70,56.25,71.66666667,No_prac
2021,NA,66.66666667,62,70,80,57.5,66.94444333,No_prac
2021,NA,94.44444444,57.72,80,55,70,83.61111,No_prac
2021,NA,77.77777778,56.58,75,60,75,90,No_prac
2021,NA,75,66.84,90,80,65,79.16666667,No_prac
2021,NA,55.55555556,41.75,60,50,71.66666,76.66666667,No_prac
2021,NA,69.44444444,53.68,75,65,85,73.88888667,No_prac
2021,NA,88.88888889,87.25,80,80,91.25,83.05555333,No_prac
2021,NA,66.66666667,43.24,70,55,52.5,70.27777667,No_prac
2021,NA,75,51.76,70,70,68.75,79.72222,No_prac
2021,NA,44.44444444,52.83333,45,55,73.75,68.33333333,No_prac
2021,NA,86.11111111,62.02,70,55,83.33333,89.16666667,No_prac
2021,NA,83.33333333,44.13,90,65,70,75.55555333,No_prac
2021,NA,94.44444444,59.08333,80,70,85,83.88888667,No_prac
2021,NA,75,45,75,60,56.25,72.5,No_prac
2021,NA,72.22222222,42.58333,75,70,48.33333,68.05555333,No_prac
2021,NA,72.22222222,41.23,85,45,75,80.27777667,No_prac
2021,NA,77.77777778,53.5,70,65,75,73.61111,No_prac
2021,NA,86.11111111,71.66,85,65,90,89.44444,No_prac
2021,NA,83.33333333,39.75,80,90,90,83.05555333,No_prac
2021,NA,50,43.83333,65,55,75,70.55555333,No_prac
2021,NA,83.33333333,60.5,80,70,75,82.5,No_prac
2021,NA,100,98.68,75,70,95,98.33333333,No_prac
2021,NA,88.88888889,71.66,70,85,75,87.38888667,No_prac
2021,NA,83.33333333,63.5,80,70,73.75,78.88888667,No_prac
2021,NA,80.55555556,65.61,55,60,59.16666,70.83333,No_prac
2021,NA,94.44444444,74.56,75,90,85,82.22222,No_prac
2021,NA,72.22222222,60.25,75,60,60,77.22222,No_prac
2021,NA,77.77777778,53.42,85,70,70,68.88888667,No_prac
2021,NA,52.77777778,51.76,70,50,73.33333,84.16666667,No_prac
2021,NA,61.11111111,42,85,45,55,80.27777333,No_prac
2021,NA,83.33333333,54.13,60,70,60,66.11111,No_prac
2021,NA,66.66666667,68.42,75,60,58.75,77.22222,No_prac
2021,NA,0.00E+00,0,0,0,0,0,No_prac
2021,NA,0.00E+00,0,0,0,0,0,No_prac
2021,NA,66.66666667,50.16666,80,70,65,81.38888667,No_prac
2021,NA,72.22222222,68.86,65,60,85,83.88888667,No_prac
2021,NA,97.22222222,70.26,85,75,83.33333,83.61111,No_prac
2021,NA,77.77777778,79.21,55,80,76.66666,73.88888667,No_prac
2021,NA,75,57.16666,75,60,63.33333,81.66666667,No_prac
2021,NA,97.22222222,59.39,60,75,88.33333,81.38888667,No_prac
2021,NA,94.44444444,81.4,80,65,93.33333,90,No_prac
2021,NA,44.44444444,51.23,80,75,70,79.16666667,No_prac
2021,NA,63.88888889,44.41666,60,65,60,66.94444333,No_prac
2021,NA,83.33333333,63.08333,60,90,80,89.16666667,No_prac
2021,NA,44.44444444,47.81,60,65,57.91666,63.05555333,No_prac
2021,NA,83.33333333,77,65,60,83.75,77.77777667,No_prac
2021,NA,77.77777778,36,65,85,49.16666,71.38888667,No_prac
2021,NA,63.88888889,51.83333,65,55,51.66666,68.61110667,No_prac
2021,NA,94.44444444,61.5,80,75,66.66666,88.88888667,No_prac
2021,NA,88.88888889,41.83333,75,75,75,73.88888667,No_prac
2021,NA,72.22222222,62.55,55,60,55,56.94444333,No_prac
2021,NA,86.11111111,73.95,75,40,75,85.55555333,No_prac
2021,NA,0.00E+00,85.79,0,85,80,83.05555333,No_prac
2021,NA,66.66666667,25.16666,75,65,63.75,82.5,No_prac
2021,NA,58.33333333,48.91666,70,65,65,80.55555333,No_prac
2021,NA,100,55.66666,80,80,80,79.16666667,No_prac
2021,NA,55.55555556,26.66,70,70,64.16666,70.55555333,No_prac
2021,NA,55.55555556,57.91666,75,65,88.33333,75.55555333,No_prac
2021,NA,61.11111111,65.75,95,95,65,76.94444,No_prac
2021,NA,66.66666667,63.6,70,70,0,80.16666667,No_prac
2021,NA,77.77777778,51.05,75,70,80.41666,76.66666667,No_prac
2021,NA,38.88888889,79.82,75,70,81.25,89.72222,No_prac
2021,NA,72.22222222,35.18,100,90,55,58.61111,No_prac
2021,NA,83.33333333,63.16,70,70,63.75,82.22222,No_prac
2021,NA,61.11111111,60.35,85,60,80.41666,83.88888667,No_prac
2021,NA,91.66666667,66.32,90,60,73.75,78.61111,No_prac
2021,NA,86.11111111,62.28,85,70,65,90,No_prac
2021,NA,61.11111111,57.63,80,75,70,75,No_prac
2021,NA,91.66666667,68,80,55,85,81.66666667,No_prac
2021,NA,66.66666667,43.68,75,60,70,50.27777667,No_prac
2021,NA,91.66666667,70.79,90,65,76.66666,82.22222,No_prac
2021,NA,80.55555556,28.24,60,65,73.75,80,No_prac
2021,NA,0.00E+00,0,0,0,0,NA,No_prac
2021,NA,72.22222222,62.58333,95,50,82.08333,87.5,No_prac
2021,NA,88.88888889,70,70,60,85,77.77777667,No_prac
2021,NA,83.33333333,60,90,85,83.75,76.11111,No_prac
2021,NA,52.77777778,29.58333,60,55,53.75,54.16666333,No_prac
2021,NA,0.00E+00,44.74,50,45,38.33333,62.77777667,No_prac
2021,NA,77.77777778,53.95,85,75,83.33333,86.11111,No_prac
2021,NA,94.44444444,56.58333,75,65,65,78.88888667,No_prac
2021,NA,77.77777778,59.03,75,90,65,90.55555333,No_prac
2021,NA,38.88888889,36.33333,60,60,65,59.99999667,No_prac
2021,NA,55.55555556,48.83333,70,55,65,73.05555333,No_prac
2021,NA,94.44444444,62.08333,75,80,81.66666,87.5,No_prac
2021,NA,69.44444444,42.58333,60,80,85,70.27777667,No_prac
2021,NA,83.33333333,64.16666,70,50,55.41666,68.05555333,No_prac
2021,NA,55.55555556,36.66666,65,60,85,84.16666667,No_prac
2021,NA,66.66666667,53.95,80,65,70,83.61111,No_prac
2021,NA,69.44444444,73.25,45,35,50,41.66666333,No_prac
2021,NA,55.55555556,0,70,65,51.66666,64.72222,No_prac
2021,NA,66.66666667,60.08,75,60,90,81.66666667,No_prac
2021,NA,75,50,85,70,80,73.88888667,No_prac
2021,NA,72.22222222,34.55,70,80,75,72.77777667,No_prac
2021,NA,86.11111111,45.08,50,75,65,75,No_prac
2021,NA,94.44444444,76.5,80,65,90,93.05555333,No_prac
2021,NA,88.88888889,67.41666,75,55,83.33333,89.16666667,No_prac
2021,NA,77.77777778,46.41666,55,80,60.83333,84.16666667,No_prac
2021,NA,72.22222222,49.25,95,75,73.75,87.22222,No_prac
2021,NA,58.33333333,51,55,55,68.75,76.38888667,No_prac
2021,NA,66.66666667,66.93,80,75,67.08333,75.27777667,No_prac
2021,NA,75,44.83333,85,55,68.75,78.88888667,No_prac
2021,NA,75,41.16666,70,40,65,86.11111,No_prac
2021,NA,83.33333333,43.25,85,40,70,62.66666667,No_prac
2021,NA,69.44444444,71.25,65,75,70,80.27777667,No_prac
2021,NA,91.66666667,60,75,70,70,72.38888667,No_prac
2021,NA,63.88888889,74.75,55,60,71.66666,74.16666667,No_prac
2021,NA,66.66666667,52.98,85,65,61.66666,75.27777667,No_prac
2021,NA,44.44444444,52.19,60,70,50,85.16666667,No_prac
2021,NA,88.88888889,86.84,85,70,70,90.55555333,No_prac
2021,NA,83.33333333,90.79,85,80,75,89.16666667,No_prac
2021,NA,72.22222222,0,0,0,0,57.11111,No_prac
2021,NA,0.00E+00,46.05,65,35,82.08333,56,No_prac
2021,NA,61.11111111,24.92,80,65,75,75.83333333,No_prac
2021,NA,55.55555556,56.58,70,75,80,80.83333333,No_prac
2021,NA,83.33333333,57.66666,65,0,75,75.55555333,No_prac
2021,NA,66.66666667,68.5,70,65,79.16666,73.05555333,No_prac
2021,NA,91.66666667,68.24,100,95,100,92.22222,No_prac
2021,NA,41.66666667,26.76,45,60,32.5,71.66666667,No_prac
2021,NA,61.11111111,72.5,75,80,76.66666,68.88888667,No_prac
2021,NA,83.33333333,71,80,85,80,73.05555333,No_prac
2021,NA,94.44444444,55.83333,80,75,51.66666,74.72222,No_prac
2021,NA,83.33333333,67.02,75,60,80,85.55555333,No_prac
2021,NA,77.77777778,61.58333,85,80,61.66666,73.88888667,No_prac
2021,NA,88.88888889,82.25,75,80,80,85.55555333,No_prac
2021,NA,0.00E+00,0,0,20,61.66666,70.27777667,No_prac
2021,NA,72.22222222,54.47,80,60,90,91.38888667,No_prac
2021,NA,94.44444444,68.6,85,70,85,88.61111,No_prac
2021,NA,72.22222222,65.87,65,55,67.5,78.44444333,No_prac
2021,NA,72.22222222,57.89,75,50,80,84.44444333,No_prac
2021,NA,61.11111111,62.08333,75,55,72.5,77.5,No_prac
2021,NA,88.88888889,60.75,75,75,76.25,85.83333333,No_prac
2021,NA,72.22222222,52,90,80,60,66.94444333,No_prac
2021,NA,88.88888889,66.05,80,75,70.83333,74.22222,No_prac
2021,NA,38.88888889,44.65,60,60,46.25,61.11110667,No_prac
2021,NA,75,52.63,75,60,80,77.22222,No_prac
2021,NA,77.77777778,60.87,75,55,80,82.22222,No_prac
2021,NA,77.77777778,76.32,80,75,75,82.5,No_prac
2021,NA,66.66666667,69.75,65,75,69.58333,73.88888667,No_prac
2021,NA,91.66666667,75.79,75,70,81.66666,76.11111,No_prac
2021,NA,50,49.16666,70,60,70,52.77777667,No_prac
2021,NA,83.33333333,81.58,80,50,63.75,73.22222,No_prac
2021,NA,5.555555556,26.84,0,35,0,68.05555333,No_prac
2021,NA,88.88888889,54.08333,0,65,0,88.88888667,No_prac
2021,NA,77.77777778,64.25,75,75,82.5,79.16666667,No_prac
2021,NA,77.77777778,56.93,80,60,60,66.83333,No_prac
2021,NA,55.55555556,76.08333,70,80,75.83333,90.55555333,No_prac
2021,NA,80.55555556,59.58333,65,70,68.75,76.11111,No_prac
2021,NA,83.33333333,62.55,95,40,72.5,75,No_prac
2021,NA,77.77777778,70.53,85,80,61.66666,69.72222,No_prac
2021,NA,83.33333333,61.84,60,55,47.5,72.77777667,No_prac
2021,NA,0.00E+00,0,70,65,85,69.44444333,No_prac
2021,NA,83.33333333,52.25,95,80,73.33333,81.66666667,No_prac
2021,NA,69.44444444,47.66666,55,55,45,63.05555333,No_prac
2021,NA,61.11111111,50.33333,40,50,48.33333,57.22222,No_prac
2021,NA,66.66666667,59.39,100,75,65,77.5,No_prac
2021,NA,76.11111111,73.5,90,85,70,91.38888667,No_prac
2021,NA,0.00E+00,0,0,0,63.75,77.5,No_prac
2021,NA,77.77777778,49.83333,70,75,73.33333,70.83333,No_prac
2021,NA,94.44444444,65,75,85,85,90.83333333,No_prac
2021,NA,94.44444444,60.97,90,50,60.41666,66.94444333,No_prac
2021,NA,100,80.5,65,55,69.58333,86.11111,No_prac
2021,NA,66.66666667,50.71,70,65,90,77.5,No_prac
2021,NA,88.88888889,91.75,55,90,83.75,84.88888667,No_prac
2021,NA,61.11111111,70.71,55,70,45,76.66666667,No_prac
2021,NA,88.88888889,74.58333,85,70,85,85,No_prac
2021,NA,50,52.89,90,70,67.91666,57.22222,No_prac
2021,NA,88.88888889,65.75,80,75,78.33333,82.77777667,No_prac
2021,NA,100,52.33333,80,90,85,84.72222,No_prac
2021,NA,66.66666667,66.16666,55,65,71.25,79.72222,No_prac
2021,NA,83.33333333,66.05,85,70,58.33333,61.83333,No_prac
2021,NA,83.33333333,82,75,60,80,74.72222,No_prac
2021,NA,77.77777778,62.19,90,0,0,82.22222,No_prac
2021,NA,83.33333333,68.95,90,80,85.41666,85.27777667,No_prac
2021,NA,83.33333333,32,0,40,68.33333,65.55555333,No_prac
2021,NA,83.33333333,45.44,55,80,85.83333,77.5,No_prac
2021,NA,72.22222222,51,80,70,70,70.55555333,No_prac
2021,NA,100,58.24,95,75,90,86.66666667,No_prac
2021,NA,66.66666667,55.87,80,85,65,66.66666333,No_prac
2021,NA,66.66666667,46.41666,75,75,70,65.55555333,No_prac
2021,NA,72.22222222,45.35,80,65,83.33333,84.72222,No_prac
2021,NA,100,65.53,85,60,68.75,93.88888667,No_prac
2021,NA,80.55555556,75.25,70,70,86.25,81.83333333,No_prac
2021,NA,55.55555556,29.25,85,65,77.5,70.55555333,No_prac
2021,NA,100,78.58333,85,75,80,89.72222,No_prac
2021,NA,83.33333333,54.58333,60,80,62.5,85,No_prac
2021,NA,77.77777778,32.11,85,65,76.66666,67.77777667,No_prac
2021,NA,52.77777778,59.91666,60,60,63.33333,0,No_prac
2021,NA,66.66666667,45.87,95,65,78.75,89.61111,No_prac
2021,NA,50,39.21,70,65,51.66666,73.05555333,No_prac
2021,NA,66.66666667,61.66,0,50,61.25,67.77777333,No_prac
2021,NA,44.44444444,40.26,60,75,58.33333,63.61111,No_prac
2021,NA,83.33333333,52.25,80,75,75,79.72222,No_prac
2021,NA,100,65.26,85,90,80,75.55555333,No_prac
2021,NA,66.66666667,50,0,55,0,72.22222,No_prac
2021,NA,55.55555556,41.16666,55,65,75,66.38888667,No_prac
2021,NA,66.66666667,47,55,20,43.75,65.83333333,No_prac
2021,NA,88.88888889,47.5,90,95,90,77.22222,No_prac
2021,NA,100,0,95,80,90,96.66666667,No_prac
2021,NA,61.11111111,40,85,45,60,71.11111,No_prac
2021,NA,88.88888889,57.11,85,80,100,91.11111,No_prac
2021,NA,100,53,60,50,66.25,65.27777667,No_prac
2021,NA,58.33333333,58.66666,85,45,63.75,56.66666667,No_prac
2021,NA,55.55555556,40.66666,55,70,71.66666,63.88888667,No_prac
2021,NA,69.44444444,55,75,65,73.75,60.83333333,No_prac
2021,NA,0.00E+00,0,0,0,0,0,No_prac
2021,NA,NA,0,0,0,0,76.83333333,No_prac
2021,NA,55.55555556,67,60,45,62.5,79.16666667,No_prac
2021,NA,94.44444444,66.66,95,65,98.75,91.11111,No_prac
2021,NA,94.44444444,54,65,65,75,56.05555333,No_prac
2021,NA,86.11111111,70.75,55,45,85,75.83333333,No_prac
2021,NA,27.77777778,38.6,35,65,65.83333,71.94444,No_prac
2021,NA,83.33333333,38.86,60,80,60,74.72222,No_prac
2021,NA,88.88888889,92.5,75,70,80,75.16666667,No_prac
2021,NA,100,67.58333,90,70,90,93.33333333,No_prac
2021,NA,94.44444444,44.29,80,65,88.33333,80.55555333,No_prac
2021,NA,88.88888889,76.05,80,95,62.5,90,No_prac
2021,NA,83.33333333,77.63,90,65,77.5,81.94444333,No_prac
2021,NA,83.33333333,62.28,95,65,85,80.55555333,No_prac
2021,NA,66.66666667,56.32,55,50,42.08333,52.77777667,No_prac
2021,NA,86.11111111,58.77,65,85,80,70.83333,No_prac
2021,NA,58.33333333,49.13,50,45,55,81.38888667,No_prac
2021,NA,91.66666667,71.58,70,80,81.66666,73.61110667,No_prac
2021,NA,83.33333333,43.66666,85,45,70,78.88888667,No_prac
2021,NA,61.11111111,47.72,75,55,72.5,72.77777333,No_prac
2021,NA,44.44444444,35.41666,65,60,71.66666,65.55555333,No_prac
2021,NA,0.00E+00,35.33333,60,30,51.66666,51.83333,No_prac
2021,NA,83.33333333,70.25,90,65,76.66666,86.66666333,No_prac
2021,NA,66.66666667,48.95,55,70,45,64.99999667,No_prac
2021,NA,77.77777778,68.08333,70,55,78.33333,85.55555333,No_prac
2021,NA,88.88888889,44.75,65,85,82.5,72.77777667,No_prac
2021,NA,83.33333333,53.16,55,85,85,73.05555333,No_prac
2021,NA,50,56.25,65,65,53.75,84.16666667,No_prac
2021,NA,83.33333333,35.5,80,75,71.66666,78.61110667,No_prac
2021,NA,72.22222222,58.16666,70,60,78.75,68.88888667,No_prac
2021,NA,77.77777778,75.58333,80,60,75,78.61111,No_prac
2021,NA,86.11111111,63.42,95,90,74.16666,87.77777333,No_prac
2021,NA,61.11111111,67.83333,60,50,76.25,71.94444333,No_prac
2021,NA,50,57.08333,70,50,71.66666,80,No_prac
2021,NA,77.77777778,0,65,45,75,66.66666333,No_prac
2021,NA,83.33333333,63.33333,75,85,71.25,72.22222,No_prac
2021,NA,77.77777778,57.28,80,60,90,78.05555333,No_prac
2021,NA,72.22222222,59.08333,80,70,70,84.16666667,No_prac
2021,NA,80.55555556,74.08333,65,75,72.5,72.22222,No_prac
2021,NA,55.55555556,45.25,55,65,73.33333,56.66666333,No_prac
2021,NA,61.11111111,38.75,70,40,53.75,71.66666667,No_prac
2021,NA,61.11111111,72.83333,80,55,65,85.55555333,No_prac
2021,NA,100,63.5,95,70,70,85.55555333,No_prac
2021,NA,94.44444444,46.75,70,70,73.75,75.83333333,No_prac
2021,NA,61.11111111,47.72,55,90,80,71.11111,No_prac
2021,NA,83.33333333,45.53,95,65,63.33333,71.11111,No_prac
2021,NA,72.22222222,67.89,75,75,64.16666,85.83333333,No_prac
2021,NA,77.77777778,47.08333,65,80,73.33333,72.5,No_prac
2021,NA,88.88888889,59,90,50,57.5,73.61110667,No_prac
2021,NA,97.22222222,76.76,80,85,75,85.55555333,No_prac
2021,NA,88.88888889,69,75,75,86.66666,82.22222,No_prac
2021,NA,88.88888889,62.37,95,80,75,93.33333333,No_prac
2021,NA,61.11111111,46.49,45,60,83.33333,74.44444333,No_prac
2021,NA,0.00E+00,57.5,75,65,38.33333,44.61111,No_prac
2021,NA,88.88888889,91.08333,75,75,75,87.94444,No_prac
2021,NA,83.33333333,64.47,80,85,82.5,70.27777333,No_prac
2021,NA,88.88888889,79.83333,85,70,78.33333,83.88888667,No_prac
2021,NA,77.77777778,84.03,75,70,70,82.5,No_prac
2021,NA,61.11111111,46.58333,80,75,70.41666,77.5,No_prac
2021,NA,77.77777778,79.75,75,65,73.33333,68.61111,No_prac
2021,NA,66.66666667,52.45,80,40,65,68.77777667,No_prac
2021,NA,44.44444444,0,20,60,75,51.94444333,No_prac
2021,NA,61.11111111,50.97,45,40,50,80.83333333,No_prac
2021,NA,83.33333333,47.37,60,55,0,85.27777667,No_prac
2021,NA,NA,NA,NA,NA,NA,NA,No_prac
2021,NA,0.00E+00,35,65,60,75,84.33333333,No_prac
2021,NA,94.44444444,73.58333,80,75,83.33333,86.38888667,No_prac
2021,NA,63.88888889,42.89,70,55,65,84.72222,No_prac
2021,NA,88.88888889,72.83333,75,60,75,78.61111,No_prac
2021,NA,88.88888889,54.91666,70,25,70,75.27777667,No_prac
2021,NA,55.55555556,24.66666,75,55,47.08333,54.16666333,No_prac
2021,NA,83.33333333,74.58333,85,65,71.66666,80.55555333,No_prac
2021,NA,83.33333333,67.5,70,80,83.33333,79.72222,No_prac
2021,NA,72.22222222,51.93,65,55,49.16666,85,No_prac
2021,NA,55.55555556,50.18,35,70,32.91666,62.22222,No_prac
2021,NA,86.11111111,83.75,85,90,80,87.5,No_prac
2021,NA,77.77777778,40.53,65,50,65,60.55555333,No_prac
2021,NA,75,65,65,85,80,82.5,No_prac
2021,NA,61.11111111,51.32,70,60,66.66666,75.83333333,No_prac
2021,NA,83.33333333,57.72,55,75,75,75,No_prac
2021,NA,94.44444444,82.58333,80,70,85,77.22222,No_prac
2021,NA,83.33333333,59.66666,75,60,83.33333,87.5,No_prac
2021,NA,77.77777778,31.91666,80,65,76.66666,68.05555333,No_prac
2021,NA,55.55555556,44.75,60,50,62.5,61.05555333,No_prac
2021,NA,88.88888889,47,90,80,75,80.55555333,No_prac
2021,NA,83.33333333,50.35,65,60,66.66666,78.05555333,No_prac
2021,NA,66.66666667,31.75,95,90,78.75,75,No_prac
2021,NA,44.44444444,47.66666,70,60,68.33333,78.05555333,No_prac
2021,NA,72.22222222,52.5,65,70,75.83333,80.83333333,No_prac
2021,NA,61.11111111,58.24,75,85,65,70,No_prac
2021,NA,88.88888889,85,90,75,85,88.88888667,No_prac
2021,NA,83.33333333,34.16666,75,55,65,80.27777667,No_prac
2021,NA,88.88888889,53.5,85,55,61.66666,82.77777667,No_prac
2021,NA,66.66666667,40,50,55,49.16666,0,No_prac
2021,NA,66.66666667,63.16,55,40,0,65.27777667,No_prac
2021,NA,88.88888889,78.08333,85,85,61.66666,84.72222,No_prac
2021,NA,0.00E+00,0,75,0,0,69.44444333,No_prac
2021,NA,0.00E+00,0,0,0,0,70.55555333,No_prac
2021,NA,86.11111111,78.5,70,75,80,76.11111,No_prac
2021,NA,83.33333333,40.08,75,65,85,82.5,No_prac
2021,NA,88.88888889,86.32,85,90,86.66666,96.66666667,No_prac
2021,NA,77.77777778,66.58,75,75,88.75,83.61110667,No_prac
2021,NA,94.44444444,77.89,85,85,85,96.66666667,No_prac
2021,NA,66.66666667,50,45,70,71.66666,85,No_prac
2021,NA,88.88888889,77.19,90,90,90,77.22222,No_prac
2021,NA,72.22222222,53.68,60,95,93.75,66.83333333,No_prac
2021,NA,33.33333333,61.5,70,50,80,78.61111,No_prac
2021,NA,58.33333333,51,90,70,66.66666,77.22222,No_prac
2021,NA,72.22222222,59.74,100,75,80,87.22222,No_prac
2021,NA,77.77777778,50.61,75,60,85,83.61111,No_prac
2021,NA,83.33333333,44.75,0,35,50,64.44444,No_prac
2021,NA,88.88888889,77.58333,65,65,70,86.11111,No_prac
2021,NA,69.44444444,58.5,75,90,65,70.27777667,No_prac
2021,NA,75,49.65,55,75,46.66666,74.16666667,No_prac
2021,NA,63.88888889,32.75,85,65,79.16666,61.38888667,No_prac
2021,NA,88.88888889,94.74,85,90,75,92.22222,No_prac
2021,NA,44.44444444,75.33333,65,70,55,71.94444333,No_prac
2021,NA,66.66666667,41.91666,55,55,44.16666,61.94444333,No_prac
2021,NA,61.11111111,37.63,75,40,51.66666,87.77777667,No_prac
2021,NA,50,68.51,70,45,68.75,78.88888667,No_prac
2021,NA,83.33333333,54.82,75,65,75,74.72222,No_prac
2021,NA,66.66666667,67.63,80,75,80,77.22222,No_prac
2021,NA,83.33333333,48.16,85,70,69.16666,72.5,No_prac
2021,NA,66.66666667,47.19,65,50,75.83333,70.27777667,No_prac
2021,NA,77.77777778,62.98,70,75,80,78.61111,No_prac
2021,NA,69.44444444,33.16,75,60,24.16666,63.61110667,No_prac
2021,NA,72.22222222,50.87,60,50,85,80.83333333,No_prac
2021,NA,88.88888889,69.91666,75,65,75,79.72222,No_prac
2021,NA,83.33333333,84.74,70,100,63.33333,82.5,No_prac
2021,NA,77.77777778,60.53,75,75,85,75.55555333,No_prac
2021,NA,72.22222222,69.21,70,70,56.25,71.11111,No_prac
2021,NA,83.33333333,55,85,80,86.66666,83.61111,No_prac
2021,NA,0.00E+00,0,35,30,55,71.38888667,No_prac
2020,NA,66.66666667,59.16666,65,85,62.5,72.86111,No_prac
2020,NA,80,64.08333,55,70,75,71.25,No_prac
2020,NA,93.33333333,56.75,80,90,80,82.77777,No_prac
2020,NA,80,67.75,65,60,68.33333,58.61111,No_prac
2020,NA,73.33333333,69.5,95,85,78.33333,77.77777,No_prac
2020,NA,73.33333333,0,0,60,0,70.55555,No_prac
2020,NA,66.66666667,51.83333,75,80,80,79.44444,No_prac
2020,NA,73.33333333,45.83333,75,65,63.75,68.61111,No_prac
2020,NA,86.66666667,74.16666,90,80,85,96.52777,No_prac
2020,NA,100,57,65,65,80,80.27777,No_prac
2020,NA,86.66666667,53.25,90,65,85,71.52777,No_prac
2020,NA,93.33333333,62.66666,90,80,96.66666,85.55555,No_prac
2020,NA,100,86,90,100,92.5,92.08333,No_prac
2020,NA,93.33333333,58.5,75,65,95,75.27777,No_prac
2020,NA,86.66666667,80.33333,90,85,73.75,81.11111,No_prac
2020,NA,73.33333333,45.33333,70,65,78.33333,52.77777,No_prac
2020,NA,80,42.5,65,NA,75,66.19444,No_prac
2020,NA,46.66666667,70.75,75,55,60,70.55555,No_prac
2020,NA,100,70,90,100,98.75,93.33333,No_prac
2020,NA,80,41.08333,65,85,57.91666,71.38888,No_prac
2020,NA,86.66666667,81.58333,90,90,80,77.36111,No_prac
2020,NA,80,50.41666,80,50,80,76.11111,No_prac
2020,NA,86.66666667,63.75,80,85,83.33333,69.80555,No_prac
2020,NA,100,63,80,75,85,79.44444,No_prac
2020,NA,66.66666667,53.08333,75,60,71.66666,64.86111,No_prac
2020,NA,86.66666667,57.16666,85,70,85,79.02777,No_prac
2020,NA,86.66666667,68.08333,60,85,57.5,66.94444,No_prac
2020,NA,80,0,65,90,66.66666,69.02777,No_prac
2020,NA,73.33333333,71.25,75,50,55,60.30555,No_prac
2020,NA,93.33333333,55.5,75,90,80,74.30555,No_prac
2020,NA,53.33333333,50.33333,60,90,60.41666,63.61111,No_prac
2020,NA,93.33333333,83,85,80,75,81.25,No_prac
2020,NA,86.66666667,44.41666,70,65,72.08333,65.77777,No_prac
2020,NA,86.66666667,72,95,85,81.66666,88.33333,No_prac
2020,NA,86.66666667,47.66666,65,65,75,68.61111,No_prac
2020,NA,93.33333333,76.75,95,60,57.5,76.94444,No_prac
2020,NA,100,57.33333,70,85,80,70.69444,No_prac
2020,NA,66.66666667,30.5,40,85,85,64.58333,No_prac
2020,NA,66.66666667,57.66666,80,75,57.5,59.30555,No_prac
2020,NA,0,32,50,55,53.75,49.72222,No_prac
2020,NA,100,69.75,85,75,90,75.13888,No_prac
2020,NA,60,73.08333,55,80,47.5,80.27777,No_prac
2020,NA,86.66666667,53.5,70,80,78.33333,70.83333,No_prac
2020,NA,NA,NA,NA,NA,NA,NA,No_prac
2020,NA,93.33333333,47.5,35,60,65.83333,64.02777,No_prac
2020,NA,80,73.75,90,85,71.66666,69.86111,No_prac
2020,NA,86.66666667,61,65,50,75,71.88888,No_prac
2020,NA,60,41.08333,60,55,52.5,61.52777,No_prac
2020,NA,80,58.83333,75,90,75,63.47222,No_prac
2020,NA,66.66666667,56.58333,60,60,75,77.77777,No_prac
2020,NA,93.33333333,98.75,85,100,65,96.66666,No_prac
2020,NA,80,42.16666,80,55,71.66666,70.27777,No_prac
2020,NA,93.33333333,77.33333,80,80,75,82.08333,No_prac
2020,NA,100,70,70,80,90,79.30555,No_prac
2020,NA,46.66666667,22.66666,45,15,27.5,61.38888,No_prac
2020,NA,46.66666667,61.75,50,60,0,56.80555,No_prac
2020,NA,60,82.83333,85,85,67.5,67.91666667,No_prac
2020,NA,66.66666667,45.41666,65,0,0,76.25,No_prac
2020,NA,80,91.33333,85,70,71.66666,80,No_prac
2020,NA,86.66666667,60.58333,90,70,58.33333,76.38888,No_prac
2020,NA,73.33333333,61.75,60,45,67.5,63.61111,No_prac
2020,NA,100,61.91666,75,80,80,77.91666,No_prac
2020,NA,73.33333333,61.83333,65,80,72.08333,59.30555,No_prac
2020,NA,73.33333333,83,75,60,80,77.36111,No_prac
2020,NA,80,62,90,70,95,76.38888,No_prac
2020,NA,100,67.66666,65,90,70,75.83333,No_prac
2020,NA,73.33333333,59.75,25,95,63.33333,60.86111,No_prac
2020,NA,86.66666667,84.08333,70,80,89.58333,62.63888,No_prac
2020,NA,66.66666667,49.25,65,85,75.41666,64.58333,No_prac
2020,NA,100,52.58333,85,65,65,67.77777,No_prac
2020,NA,80,42.08333,75,55,70,76.80555,No_prac
2020,NA,100,61.5,70,85,92.5,77.63888,No_prac
2020,NA,66.66666667,63.58333,70,50,88.33333,68.05555,No_prac
2020,NA,73.33333333,66.5,60,60,90,55.55555,No_prac
2020,NA,73.33333333,62.41666,75,85,85,68.19444,No_prac
2020,NA,86.66666667,58.83333,85,95,66.66666,71.66666,No_prac
2020,NA,86.66666667,49.25,75,50,88.75,70.86111,No_prac
2020,NA,73.33333333,43.83333,60,65,75,62.08333,No_prac
2020,NA,73.33333333,35.41666,45,50,68.33333,63.61111,No_prac
2020,NA,86.66666667,73.83333,65,75,76.66666,73.47222,No_prac
2020,NA,73.33333333,0,70,75,87.08333,57.02777,No_prac
2020,NA,NA,NA,NA,NA,NA,NA,No_prac
2020,NA,86.66666667,56.33333,70,85,71.66666,65.55555,No_prac
2020,NA,46.66666667,50.75,80,65,75,74.86111,No_prac
2020,NA,80,71.75,80,70,70,66.52777,No_prac
2020,NA,86.66666667,65.58333,65,80,75,63.47222,No_prac
2020,NA,13.33333333,55.16666,50,55,58.75,55.97222,No_prac
2020,NA,53.33333333,0,50,80,60.41666,61.61111,No_prac
2020,NA,53.33333333,0,0,0,0,57.08333,No_prac
2020,NA,66.66666667,0,55,65,0,50.97222167,No_prac
2020,NA,86.66666667,76.75,80,85,83.33333,75.83333,No_prac
2020,NA,73.33333333,50.25,75,65,55,60.30555,No_prac
2020,NA,66.66666667,41.33333,80,50,63.33333,56.94444,No_prac
2020,NA,46.66666667,28.91666,95,55,50,46.38888,No_prac
2020,NA,86.66666667,43.91666,75,65,45,51.38888,No_prac
2020,NA,73.33333333,53.16666,55,65,90.41666,73.61111,No_prac
2020,NA,100,71.33333,75,70,80,85.27777,No_prac
2020,NA,80,66.5,45,85,68.33333,80.41666,No_prac
2020,NA,66.66666667,61.5,90,95,51.25,76.61111,No_prac
2020,NA,0,0,0,0,65,0,No_prac
2020,NA,60,46.91666,0,65,0,58.19444,No_prac
2020,NA,46.66666667,48.08333,65,60,58.75,63.05555,No_prac
2020,NA,33.33333333,43.66666,75,50,60,80.69444,No_prac
2020,NA,80,37.16666,80,60,73.75,75.5,No_prac
2020,NA,80,44,65,70,71.25,74.44444,No_prac
2020,NA,93.33333333,62,80,70,78.75,67.36111,No_prac
2020,NA,66.66666667,33.83333,45,65,73.75,71.80555,No_prac
2020,NA,66.66666667,78.5,60,65,68.33333,61.11111,No_prac
2020,NA,93.33333333,84.08333,75,65,80,73.27777,No_prac
2020,NA,0,18.91666,0,0,0,43.33333,No_prac
2020,NA,73.33333333,NA,NA,NA,NA,NA,No_prac
2020,NA,93.33333333,70.83333,85,60,73.33333,84.58333,No_prac
2020,NA,60,63.25,60,55,72.91666,80.41666,No_prac
2020,NA,86.66666667,42.33333,85,65,63.33333,69.30555,No_prac
2020,NA,86.66666667,63.5,70,60,61.66666,66.38888,No_prac
2020,NA,73.33333333,43,50,40,80,55,No_prac
2020,NA,80,49.41666,0,0,61.25,78.69444,No_prac
2020,NA,80,67.41666,50,100,65,65.13888,No_prac
2020,NA,86.66666667,60.25,85,65,70.41666,77.77777,No_prac
2020,NA,60,64.41666,75,80,47.5,70.27777,No_prac
2020,NA,100,92,80,100,80,87.91666,No_prac
2020,NA,80,66.75,75,70,73.33333,70.83333,No_prac
2020,NA,86.66666667,71.33333,95,60,64.58333,79.86111,No_prac
2020,NA,66.66666667,49.08333,55,60,56.66666,55.27777,No_prac
2020,NA,80,79.25,95,80,75,91.80555,No_prac
2020,NA,93.33333333,70.5,95,80,75.41666,94.16666,No_prac
2020,NA,60,66.75,55,80,83.75,55.69444,No_prac
2020,NA,80,60.75,70,70,80,76.11111,No_prac
2020,NA,93.33333333,76.33333,80,95,80,65,No_prac
2020,NA,93.33333333,60.5,80,85,90,78.47222,No_prac
2020,NA,86.66666667,70.75,80,75,59.16666,80.27777,No_prac
2020,NA,60,43.08333,50,60,55,60.55555,No_prac