"",".y.","group1","group2","effsize","n1","n2","conf.low","conf.high","magnitude","Q"
"1","score","female","male",-0.172647151280279,156,127,-0.43,0.06,"negligible","Q1_BL"
"2","score","other","male",0.303894073402934,16,127,-0.17,0.8,"small","Q1_BL"
"3","score","other","female",0.515140354509071,16,156,0.04,1.05,"moderate","Q1_BL"
"4","score","female","male",0.262704338157779,161,116,0.03,0.49,"small","Q1_AL"
"5","score","other","male",0.358630009496659,16,116,-0.11,0.84,"small","Q1_AL"
"6","score","other","female",0.0961560482129728,16,161,-0.42,0.61,"negligible","Q1_AL"
"7","score","female","male",-0.178760927273927,188,153,-0.4,0.04,"negligible","Q1_AP"
"8","score","other","male",0.408698913083947,16,153,-0.08,0.99,"small","Q1_AP"
"9","score","other","female",0.603439011557743,16,188,0.11,1.22,"moderate","Q1_AP"
"10","score","female","male",-0.0767374177397513,156,129,-0.32,0.16,"negligible","Q2_BL"
"11","score","other","male",0.325061417741047,16,129,-0.2,0.93,"small","Q2_BL"
"12","score","other","female",0.404056015945641,16,156,-0.11,1.02,"small","Q2_BL"
"13","score","female","male",0.0581730081800852,160,116,-0.19,0.29,"negligible","Q2_AL"
"14","score","other","male",0.0234453562123931,16,116,-0.49,0.55,"negligible","Q2_AL"
"15","score","other","female",-0.0371382622166403,16,160,-0.58,0.52,"negligible","Q2_AL"
"16","score","female","male",0.00349946541286578,188,153,-0.21,0.22,"negligible","Q2_AP"
"17","score","other","male",0.460136601361422,16,153,-0.0067,1,"small","Q2_AP"
"18","score","other","female",0.464529792611191,16,188,-0.01,1.01,"small","Q2_AP"
"19","score","female","male",-0.131334275799689,155,129,-0.38,0.1,"negligible","Q3_BL"
"20","score","other","male",0.29035964644863,16,129,-0.22,0.86,"small","Q3_BL"
"21","score","other","female",0.448748074469795,16,155,-0.09,1.1,"small","Q3_BL"
"22","score","female","male",-0.0169408122027508,161,114,-0.27,0.22,"negligible","Q3_AL"
"23","score","other","male",0.225318438613036,16,114,-0.22,0.66,"small","Q3_AL"
"24","score","other","female",0.28112856445359,16,161,-0.18,0.77,"small","Q3_AL"
"25","score","female","male",-0.213014026374105,187,151,-0.44,0.0055,"small","Q3_AP"
"26","score","other","male",0.531159674446129,16,151,0.05,1.1,"moderate","Q3_AP"
"27","score","other","female",0.799897264951673,16,187,0.28,1.46,"moderate","Q3_AP"
"28","score","female","male",-0.152178946486402,155,129,-0.39,0.09,"negligible","Q4_BL"
"29","score","other","male",0.380653707829679,16,129,-0.23,1.11,"small","Q4_BL"
"30","score","other","female",0.512353794095534,16,155,-0.1,1.29,"moderate","Q4_BL"
"31","score","female","male",-0.112249760813738,161,116,-0.36,0.13,"negligible","Q4_AL"
"32","score","other","male",0.194929192537509,16,116,-0.39,0.83,"negligible","Q4_AL"
"33","score","other","female",0.302774399351445,16,161,-0.31,0.99,"small","Q4_AL"
"34","score","female","male",-0.235338399516563,188,154,-0.46,-0.02,"small","Q4_AP"
"35","score","other","male",0.490420444879685,16,154,-0.07,1.21,"small","Q4_AP"
"36","score","other","female",0.742874072514625,16,188,0.12,1.61,"moderate","Q4_AP"
"37","score","female","male",-0.243012020254846,156,129,-0.48,-0.0099,"small","Q5_BL"
"38","score","other","male",0.482447246129445,16,129,-0.06,1.08,"small","Q5_BL"
"39","score","other","female",0.721152418983404,16,156,0.18,1.34,"moderate","Q5_BL"
"40","score","female","male",-0.215066136579789,160,115,-0.46,0.03,"small","Q5_AL"
"41","score","other","male",0.260209053603785,16,115,-0.33,0.82,"small","Q5_AL"
"42","score","other","female",0.458518555797946,16,160,-0.1,1.03,"small","Q5_AL"
"43","score","female","male",-0.225425220950662,187,154,-0.45,-0.01,"small","Q5_AP"
"44","score","other","male",0.497397869503197,16,154,-0.08,1.18,"small","Q5_AP"
"45","score","other","female",0.730239000729052,16,187,0.15,1.51,"moderate","Q5_AP"
"46","score","female","male",0.416216548891213,155,128,0.18,0.66,"small","Q6_BL"
"47","score","other","male",-0.13755673939686,16,128,-0.66,0.35,"negligible","Q6_BL"
"48","score","other","female",-0.559884109378727,16,155,-1.03,-0.12,"moderate","Q6_BL"
"49","score","female","male",0.183870422816007,161,115,-0.06,0.43,"negligible","Q6_AL"
"50","score","other","male",-0.244469641580649,16,115,-0.86,0.27,"small","Q6_AL"
"51","score","other","female",-0.421324265856133,16,161,-1.02,0.08,"small","Q6_AL"
"52","score","female","male",0.183952940869327,188,154,-0.03,0.41,"negligible","Q6_AP"
"53","score","other","male",-0.236150847214823,16,154,-0.95,0.28,"small","Q6_AP"
"54","score","other","female",-0.403234100367508,16,188,-1.15,0.15,"small","Q6_AP"
"55","score","female","male",0.587324398402504,156,128,0.36,0.83,"moderate","Q7_BL"
"56","score","other","male",-0.109429914230387,16,128,-0.66,0.41,"negligible","Q7_BL"
"57","score","other","female",-0.704461856408583,16,156,-1.22,-0.26,"moderate","Q7_BL"
"58","score","female","male",0.447830065544618,161,116,0.21,0.7,"small","Q7_AL"
"59","score","other","male",-0.161999122322466,16,116,-0.98,0.37,"negligible","Q7_AL"
"60","score","other","female",-0.557489648743545,16,161,-1.4,0.01,"moderate","Q7_AL"
"61","score","female","male",0.276101898858814,188,153,0.06,0.5,"small","Q7_AP"
"62","score","other","male",0.0243574901095595,16,153,-0.71,0.54,"negligible","Q7_AP"
"63","score","other","female",-0.219548385914512,16,188,-1.02,0.32,"small","Q7_AP"
"64","score","female","male",0.411419903064673,156,129,0.18,0.66,"small","Q8_BL"
"65","score","other","male",-0.333633638834817,16,129,-0.97,0.18,"small","Q8_BL"
"66","score","other","female",-0.730967280061214,16,156,-1.39,-0.19,"moderate","Q8_BL"
"67","score","female","male",0.185815349022868,161,116,-0.06,0.44,"negligible","Q8_AL"
"68","score","other","male",-0.130354287690987,16,116,-0.92,0.4,"negligible","Q8_AL"
"69","score","other","female",-0.29888656353644,16,161,-1.22,0.26,"small","Q8_AL"
"70","score","female","male",0.226366706056468,187,153,0.01,0.45,"small","Q8_AP"
"71","score","other","male",-0.256295442013566,16,153,-0.92,0.26,"small","Q8_AP"
"72","score","other","female",-0.467275980999459,16,187,-1.16,0.08,"small","Q8_AP"
"73","score","female","male",-0.242921906019568,153,129,-0.51,-0.0033,"small","Q9_BL"
"74","score","other","male",0.290021888071238,16,129,-0.17,0.77,"small","Q9_BL"
"75","score","other","female",0.57167904135387,16,153,0.12,1.08,"moderate","Q9_BL"
"76","score","female","male",-0.0424255122888516,158,115,-0.3,0.19,"negligible","Q9_AL"
"77","score","other","male",0.439989595018683,16,115,0.03,0.83,"small","Q9_AL"
"78","score","other","female",0.558477583072622,16,158,0.12,1.05,"moderate","Q9_AL"
"79","score","female","male",-0.0647166401228331,188,152,-0.27,0.15,"negligible","Q9_AP"
"80","score","other","male",0.385827816371526,16,152,-0.08,0.89,"small","Q9_AP"
"81","score","other","female",0.418348449176633,16,188,-0.01,0.86,"small","Q9_AP"
"82","score","female","male",-0.159273650852802,156,128,-0.4,0.08,"negligible","Q10_BL"
"83","score","other","male",0.244823685565132,16,128,-0.31,0.83,"small","Q10_BL"
"84","score","other","female",0.407635811931351,16,156,-0.16,1.03,"small","Q10_BL"
"85","score","female","male",0.0911208252963513,160,115,-0.15,0.33,"negligible","Q10_AL"
"86","score","other","male",0.201377318826748,16,115,-0.31,0.79,"small","Q10_AL"
"87","score","other","female",0.102563815119243,16,160,-0.39,0.65,"negligible","Q10_AL"
"88","score","female","male",-0.137475547421384,188,154,-0.35,0.07,"negligible","Q10_AP"
"89","score","other","male",0.143216604433835,16,154,-0.38,0.8,"negligible","Q10_AP"
"90","score","other","female",0.270636772687195,16,188,-0.27,0.96,"small","Q10_AP"
"91","score","female","male",-0.331958723622396,156,129,-0.58,-0.1,"small","Q11_BL"
"92","score","other","male",-0.00281738880689598,16,129,-0.55,0.52,"negligible","Q11_BL"
"93","score","other","female",0.331514818829641,16,156,-0.21,0.89,"small","Q11_BL"
"94","score","female","male",0.0339961537977888,161,116,-0.2,0.27,"negligible","Q11_AL"
"95","score","other","male",0.19163718841485,16,116,-0.27,0.69,"negligible","Q11_AL"
"96","score","other","female",0.13917745550593,16,161,-0.29,0.58,"negligible","Q11_AL"
"97","score","female","male",-0.207512253998152,188,154,-0.42,0.0051,"small","Q11_AP"
"98","score","other","male",-0.0700358337778408,16,154,-0.63,0.56,"negligible","Q11_AP"
"99","score","other","female",0.112854086183889,16,188,-0.44,0.76,"negligible","Q11_AP"
"100","score","female","male",-0.126414243706711,187,154,-0.35,0.09,"negligible","Q12_AP"
"101","score","other","male",-0.091984985734374,16,154,-0.62,0.52,"negligible","Q12_AP"
"102","score","other","female",0.0281921856998276,16,187,-0.5,0.64,"negligible","Q12_AP"
"103","score","female","male",0.226215799183531,186,152,0.01,0.44,"small","Q13_AP"
"104","score","other","male",0.0377722031538349,16,152,-0.52,0.65,"negligible","Q13_AP"
"105","score","other","female",-0.166274273729658,16,186,-0.74,0.43,"negligible","Q13_AP"
